-- MySQL dump 10.13  Distrib 5.7.22, for Win64 (x86_64)
--
-- Host: localhost    Database: tiantian
-- ------------------------------------------------------
-- Server version	5.7.22-log

/*!40101 SET @OLD_CHARACTER_SET_CLIENT=@@CHARACTER_SET_CLIENT */;
/*!40101 SET @OLD_CHARACTER_SET_RESULTS=@@CHARACTER_SET_RESULTS */;
/*!40101 SET @OLD_COLLATION_CONNECTION=@@COLLATION_CONNECTION */;
/*!40101 SET NAMES utf8 */;
/*!40103 SET @OLD_TIME_ZONE=@@TIME_ZONE */;
/*!40103 SET TIME_ZONE='+00:00' */;
/*!40014 SET @OLD_UNIQUE_CHECKS=@@UNIQUE_CHECKS, UNIQUE_CHECKS=0 */;
/*!40014 SET @OLD_FOREIGN_KEY_CHECKS=@@FOREIGN_KEY_CHECKS, FOREIGN_KEY_CHECKS=0 */;
/*!40101 SET @OLD_SQL_MODE=@@SQL_MODE, SQL_MODE='NO_AUTO_VALUE_ON_ZERO' */;
/*!40111 SET @OLD_SQL_NOTES=@@SQL_NOTES, SQL_NOTES=0 */;

--
-- Table structure for table `auth_group`
--

DROP TABLE IF EXISTS `auth_group`;
/*!40101 SET @saved_cs_client     = @@character_set_client */;
/*!40101 SET character_set_client = utf8 */;
CREATE TABLE `auth_group` (
  `id` int(11) NOT NULL AUTO_INCREMENT,
  `name` varchar(80) NOT NULL,
  PRIMARY KEY (`id`),
  UNIQUE KEY `name` (`name`)
) ENGINE=InnoDB DEFAULT CHARSET=utf8;
/*!40101 SET character_set_client = @saved_cs_client */;

--
-- Dumping data for table `auth_group`
--

LOCK TABLES `auth_group` WRITE;
/*!40000 ALTER TABLE `auth_group` DISABLE KEYS */;
/*!40000 ALTER TABLE `auth_group` ENABLE KEYS */;
UNLOCK TABLES;

--
-- Table structure for table `auth_group_permissions`
--

DROP TABLE IF EXISTS `auth_group_permissions`;
/*!40101 SET @saved_cs_client     = @@character_set_client */;
/*!40101 SET character_set_client = utf8 */;
CREATE TABLE `auth_group_permissions` (
  `id` int(11) NOT NULL AUTO_INCREMENT,
  `group_id` int(11) NOT NULL,
  `permission_id` int(11) NOT NULL,
  PRIMARY KEY (`id`),
  UNIQUE KEY `auth_group_permissions_group_id_permission_id_0cd325b0_uniq` (`group_id`,`permission_id`),
  KEY `auth_group_permissio_permission_id_84c5c92e_fk_auth_perm` (`permission_id`),
  CONSTRAINT `auth_group_permissio_permission_id_84c5c92e_fk_auth_perm` FOREIGN KEY (`permission_id`) REFERENCES `auth_permission` (`id`),
  CONSTRAINT `auth_group_permissions_group_id_b120cbf9_fk_auth_group_id` FOREIGN KEY (`group_id`) REFERENCES `auth_group` (`id`)
) ENGINE=InnoDB DEFAULT CHARSET=utf8;
/*!40101 SET character_set_client = @saved_cs_client */;

--
-- Dumping data for table `auth_group_permissions`
--

LOCK TABLES `auth_group_permissions` WRITE;
/*!40000 ALTER TABLE `auth_group_permissions` DISABLE KEYS */;
/*!40000 ALTER TABLE `auth_group_permissions` ENABLE KEYS */;
UNLOCK TABLES;

--
-- Table structure for table `auth_permission`
--

DROP TABLE IF EXISTS `auth_permission`;
/*!40101 SET @saved_cs_client     = @@character_set_client */;
/*!40101 SET character_set_client = utf8 */;
CREATE TABLE `auth_permission` (
  `id` int(11) NOT NULL AUTO_INCREMENT,
  `name` varchar(255) NOT NULL,
  `content_type_id` int(11) NOT NULL,
  `codename` varchar(100) NOT NULL,
  PRIMARY KEY (`id`),
  UNIQUE KEY `auth_permission_content_type_id_codename_01ab375a_uniq` (`content_type_id`,`codename`),
  CONSTRAINT `auth_permission_content_type_id_2f476e4b_fk_django_co` FOREIGN KEY (`content_type_id`) REFERENCES `django_content_type` (`id`)
) ENGINE=InnoDB AUTO_INCREMENT=37 DEFAULT CHARSET=utf8;
/*!40101 SET character_set_client = @saved_cs_client */;

--
-- Dumping data for table `auth_permission`
--

LOCK TABLES `auth_permission` WRITE;
/*!40000 ALTER TABLE `auth_permission` DISABLE KEYS */;
INSERT INTO `auth_permission` VALUES (1,'Can add log entry',1,'add_logentry'),(2,'Can change log entry',1,'change_logentry'),(3,'Can delete log entry',1,'delete_logentry'),(4,'Can add permission',2,'add_permission'),(5,'Can change permission',2,'change_permission'),(6,'Can delete permission',2,'delete_permission'),(7,'Can add group',3,'add_group'),(8,'Can change group',3,'change_group'),(9,'Can delete group',3,'delete_group'),(10,'Can add user',4,'add_user'),(11,'Can change user',4,'change_user'),(12,'Can delete user',4,'delete_user'),(13,'Can add content type',5,'add_contenttype'),(14,'Can change content type',5,'change_contenttype'),(15,'Can delete content type',5,'delete_contenttype'),(16,'Can add session',6,'add_session'),(17,'Can change session',6,'change_session'),(18,'Can delete session',6,'delete_session'),(19,'Can add user info',7,'add_userinfo'),(20,'Can change user info',7,'change_userinfo'),(21,'Can delete user info',7,'delete_userinfo'),(22,'Can add goods info',8,'add_goodsinfo'),(23,'Can change goods info',8,'change_goodsinfo'),(24,'Can delete goods info',8,'delete_goodsinfo'),(25,'Can add type info',9,'add_typeinfo'),(26,'Can change type info',9,'change_typeinfo'),(27,'Can delete type info',9,'delete_typeinfo'),(28,'Can add cart info',10,'add_cartinfo'),(29,'Can change cart info',10,'change_cartinfo'),(30,'Can delete cart info',10,'delete_cartinfo'),(31,'Can add order_detail',11,'add_order_detail'),(32,'Can change order_detail',11,'change_order_detail'),(33,'Can delete order_detail',11,'delete_order_detail'),(34,'Can add order',12,'add_order'),(35,'Can change order',12,'change_order'),(36,'Can delete order',12,'delete_order');
/*!40000 ALTER TABLE `auth_permission` ENABLE KEYS */;
UNLOCK TABLES;

--
-- Table structure for table `auth_user`
--

DROP TABLE IF EXISTS `auth_user`;
/*!40101 SET @saved_cs_client     = @@character_set_client */;
/*!40101 SET character_set_client = utf8 */;
CREATE TABLE `auth_user` (
  `id` int(11) NOT NULL AUTO_INCREMENT,
  `password` varchar(128) NOT NULL,
  `last_login` datetime(6) DEFAULT NULL,
  `is_superuser` tinyint(1) NOT NULL,
  `username` varchar(150) NOT NULL,
  `first_name` varchar(30) NOT NULL,
  `last_name` varchar(30) NOT NULL,
  `email` varchar(254) NOT NULL,
  `is_staff` tinyint(1) NOT NULL,
  `is_active` tinyint(1) NOT NULL,
  `date_joined` datetime(6) NOT NULL,
  PRIMARY KEY (`id`),
  UNIQUE KEY `username` (`username`)
) ENGINE=InnoDB AUTO_INCREMENT=3 DEFAULT CHARSET=utf8;
/*!40101 SET character_set_client = @saved_cs_client */;

--
-- Dumping data for table `auth_user`
--

LOCK TABLES `auth_user` WRITE;
/*!40000 ALTER TABLE `auth_user` DISABLE KEYS */;
INSERT INTO `auth_user` VALUES (1,'pbkdf2_sha256$36000$hFuUxyjOf4R1$PScfDnR4HOQvVLUF/N2HsIM2D869+MaKFu0Lqcp7Q0I=','2018-07-08 08:42:33.593942',1,'turo','','','123@qq.com',1,1,'2018-07-08 08:42:25.442025'),(2,'pbkdf2_sha256$36000$fdjwCl74mPKO$Db3pK++TSuOME2dT/J0KjB0VzXB8gBHD8hHRK2lZzNA=','2018-08-06 03:42:29.043059',1,'admin','','','',1,1,'2018-08-06 03:07:26.263503');
/*!40000 ALTER TABLE `auth_user` ENABLE KEYS */;
UNLOCK TABLES;

--
-- Table structure for table `auth_user_groups`
--

DROP TABLE IF EXISTS `auth_user_groups`;
/*!40101 SET @saved_cs_client     = @@character_set_client */;
/*!40101 SET character_set_client = utf8 */;
CREATE TABLE `auth_user_groups` (
  `id` int(11) NOT NULL AUTO_INCREMENT,
  `user_id` int(11) NOT NULL,
  `group_id` int(11) NOT NULL,
  PRIMARY KEY (`id`),
  UNIQUE KEY `auth_user_groups_user_id_group_id_94350c0c_uniq` (`user_id`,`group_id`),
  KEY `auth_user_groups_group_id_97559544_fk_auth_group_id` (`group_id`),
  CONSTRAINT `auth_user_groups_group_id_97559544_fk_auth_group_id` FOREIGN KEY (`group_id`) REFERENCES `auth_group` (`id`),
  CONSTRAINT `auth_user_groups_user_id_6a12ed8b_fk_auth_user_id` FOREIGN KEY (`user_id`) REFERENCES `auth_user` (`id`)
) ENGINE=InnoDB DEFAULT CHARSET=utf8;
/*!40101 SET character_set_client = @saved_cs_client */;

--
-- Dumping data for table `auth_user_groups`
--

LOCK TABLES `auth_user_groups` WRITE;
/*!40000 ALTER TABLE `auth_user_groups` DISABLE KEYS */;
/*!40000 ALTER TABLE `auth_user_groups` ENABLE KEYS */;
UNLOCK TABLES;

--
-- Table structure for table `auth_user_user_permissions`
--

DROP TABLE IF EXISTS `auth_user_user_permissions`;
/*!40101 SET @saved_cs_client     = @@character_set_client */;
/*!40101 SET character_set_client = utf8 */;
CREATE TABLE `auth_user_user_permissions` (
  `id` int(11) NOT NULL AUTO_INCREMENT,
  `user_id` int(11) NOT NULL,
  `permission_id` int(11) NOT NULL,
  PRIMARY KEY (`id`),
  UNIQUE KEY `auth_user_user_permissions_user_id_permission_id_14a6b632_uniq` (`user_id`,`permission_id`),
  KEY `auth_user_user_permi_permission_id_1fbb5f2c_fk_auth_perm` (`permission_id`),
  CONSTRAINT `auth_user_user_permi_permission_id_1fbb5f2c_fk_auth_perm` FOREIGN KEY (`permission_id`) REFERENCES `auth_permission` (`id`),
  CONSTRAINT `auth_user_user_permissions_user_id_a95ead1b_fk_auth_user_id` FOREIGN KEY (`user_id`) REFERENCES `auth_user` (`id`)
) ENGINE=InnoDB DEFAULT CHARSET=utf8;
/*!40101 SET character_set_client = @saved_cs_client */;

--
-- Dumping data for table `auth_user_user_permissions`
--

LOCK TABLES `auth_user_user_permissions` WRITE;
/*!40000 ALTER TABLE `auth_user_user_permissions` DISABLE KEYS */;
/*!40000 ALTER TABLE `auth_user_user_permissions` ENABLE KEYS */;
UNLOCK TABLES;

--
-- Table structure for table `df_cart_cartinfo`
--

DROP TABLE IF EXISTS `df_cart_cartinfo`;
/*!40101 SET @saved_cs_client     = @@character_set_client */;
/*!40101 SET character_set_client = utf8 */;
CREATE TABLE `df_cart_cartinfo` (
  `id` int(11) NOT NULL AUTO_INCREMENT,
  `count` int(11) NOT NULL,
  `goods_id` int(11) NOT NULL,
  `users_id` int(11) NOT NULL,
  PRIMARY KEY (`id`),
  KEY `df_cart_cartinfo_goods_id_4357294f_fk_df_goods_goodsinfo_id` (`goods_id`),
  KEY `df_cart_cartinfo_users_id_3289177b_fk_df_user_userinfo_id` (`users_id`),
  CONSTRAINT `df_cart_cartinfo_goods_id_4357294f_fk_df_goods_goodsinfo_id` FOREIGN KEY (`goods_id`) REFERENCES `df_goods_goodsinfo` (`id`),
  CONSTRAINT `df_cart_cartinfo_users_id_3289177b_fk_df_user_userinfo_id` FOREIGN KEY (`users_id`) REFERENCES `df_user_userinfo` (`id`)
) ENGINE=InnoDB AUTO_INCREMENT=41 DEFAULT CHARSET=utf8;
/*!40101 SET character_set_client = @saved_cs_client */;

--
-- Dumping data for table `df_cart_cartinfo`
--

LOCK TABLES `df_cart_cartinfo` WRITE;
/*!40000 ALTER TABLE `df_cart_cartinfo` DISABLE KEYS */;
INSERT INTO `df_cart_cartinfo` VALUES (16,0,1,11);
/*!40000 ALTER TABLE `df_cart_cartinfo` ENABLE KEYS */;
UNLOCK TABLES;

--
-- Table structure for table `df_goods_goodsinfo`
--

DROP TABLE IF EXISTS `df_goods_goodsinfo`;
/*!40101 SET @saved_cs_client     = @@character_set_client */;
/*!40101 SET character_set_client = utf8 */;
CREATE TABLE `df_goods_goodsinfo` (
  `id` int(11) NOT NULL AUTO_INCREMENT,
  `goods_title` varchar(80) NOT NULL,
  `goods_pic` varchar(100) NOT NULL,
  `goods_price` decimal(5,2) NOT NULL,
  `isDelete` tinyint(1) NOT NULL,
  `goods_unit` varchar(30) NOT NULL,
  `goods_click` int(11) NOT NULL,
  `goods_intru` varchar(200) NOT NULL,
  `goods_stock` int(11) NOT NULL,
  `goods_detail` longtext NOT NULL,
  `goods_type_id` int(11) NOT NULL,
  PRIMARY KEY (`id`),
  KEY `df_goods_goodsinfo_goods_type_id_0db74cda_fk_df_goods_` (`goods_type_id`),
  CONSTRAINT `df_goods_goodsinfo_goods_type_id_0db74cda_fk_df_goods_` FOREIGN KEY (`goods_type_id`) REFERENCES `df_goods_typeinfo` (`id`)
) ENGINE=InnoDB AUTO_INCREMENT=714 DEFAULT CHARSET=utf8;
/*!40101 SET character_set_client = @saved_cs_client */;

--
-- Dumping data for table `df_goods_goodsinfo`
--

LOCK TABLES `df_goods_goodsinfo` WRITE;
/*!40000 ALTER TABLE `df_goods_goodsinfo` DISABLE KEYS */;
INSERT INTO `df_goods_goodsinfo` VALUES (1,'爱鲜蜂·海南千禧果400-450g/盒','http://img01.bqstatic.com/upload/goods/201/701/1916/20170119164119_550363.jpg@200w_200h_90Q',9.90,0,'400-450g/盒',2,'爱鲜蜂·海南千禧果400-450g/盒',50,'爱鲜蜂·海南千禧果400-450g/盒',1),(2,'爱鲜蜂·金太阳圣女果400-450g/盒','http://img01.bqstatic.com/upload/goods/201/702/1617/20170216172658_800441.jpg@200w_200h_90Q',9.90,0,'400-450g/盒',3,'爱鲜蜂·金太阳圣女果400-450g/盒',50,'爱鲜蜂·金太阳圣女果400-450g/盒',1),(3,'爱鲜蜂·不知火丑柑400-500g 2粒/盒','http://img01.bqstatic.com/upload/goods/201/703/0218/20170302182510_737957.jpg@200w_200h_90Q',13.80,0,'400-500g 2粒/盒',2,'爱鲜蜂·不知火丑柑400-500g 2粒/盒',50,'爱鲜蜂·不知火丑柑400-500g 2粒/盒',1),(4,'蜂觅·新疆库尔勒香梨300-360g 3粒/盒','http://img01.bqstatic.com/upload/goods/201/601/1210/20160112102806_216252.jpg@200w_200h_90Q',14.80,0,'300-360g 3粒/盒',0,'蜂觅·新疆库尔勒香梨300-360g 3粒/盒',50,'蜂觅·新疆库尔勒香梨300-360g 3粒/盒',1),(5,'爱鲜蜂·进口超甜香蕉500-550g/袋','http://img01.bqstatic.com/upload/goods/201/702/1617/20170216172921_193193.jpg@200w_200h_90Q',7.99,0,'500-550g/袋',0,'爱鲜蜂·进口超甜香蕉500-550g/袋',49,'爱鲜蜂·进口超甜香蕉500-550g/袋',1),(6,'爱鲜蜂·小台农芒果350-450g/盒','http://img01.bqstatic.com/upload/goods/201/702/0815/20170208150222_184681.jpg@200w_200h_90Q',10.90,0,'350-450g/盒',3,'爱鲜蜂·小台农芒果350-450g/盒',42,'爱鲜蜂·小台农芒果350-450g/盒',1),(7,'蜂觅·越南直采红心火龙果350-450g/盒','http://img01.bqstatic.com/upload/goods/201/611/1617/20161116173544_219028.jpg@200w_200h_90Q',15.30,0,'350-450g/盒',1,'蜂觅·越南直采红心火龙果350-450g/盒',50,'蜂觅·越南直采红心火龙果350-450g/盒',1),(8,'爱鲜蜂·百香果120g 2粒/袋','http://img01.bqstatic.com/upload/goods/201/603/1109/20160311092214_940185.jpg@200w_200h_90Q',11.80,0,'140g 2粒/袋',0,'爱鲜蜂·百香果120g 2粒/袋',50,'爱鲜蜂·百香果120g 2粒/袋',1),(9,'爱鲜蜂·高原红富士420-520g 2粒/盒','http://img01.bqstatic.com/upload/goods/201/607/1817/20160718171055_871587.jpg@200w_200h_90Q',17.90,0,'420-520g 2粒/盒',0,'爱鲜蜂·高原红富士420-520g 2粒/盒',50,'爱鲜蜂·高原红富士420-520g 2粒/盒',1),(10,'爱鲜蜂·黄元帅苹果350-450g 2粒/盒','http://img01.bqstatic.com/upload/goods/201/609/0618/20160906184434_648929.jpg@200w_200h_90Q',11.90,0,'350-450g 2粒/盒',0,'爱鲜蜂·黄元帅苹果350-450g 2粒/盒',50,'爱鲜蜂·黄元帅苹果350-450g 2粒/盒',1),(11,'蜂觅·精品富士380-480g 2粒/盒','http://img01.bqstatic.com/upload/goods/201/607/1817/20160718171121_113340.jpg@200w_200h_90Q',17.60,0,'380-480g 2粒/盒',0,'蜂觅·精品富士380-480g 2粒/盒',50,'蜂觅·精品富士380-480g 2粒/盒',1),(12,'爱鲜蜂·甜沃柑430-530g/盒','http://img01.bqstatic.com/upload/goods/201/703/0218/20170302182636_950048.jpg@200w_200h_90Q',19.80,0,'430-530g/盒',3,'爱鲜蜂·甜沃柑430-530g/盒',49,'爱鲜蜂·甜沃柑430-530g/盒',1),(13,'爱鲜蜂·泰国龙眼400g/盒','http://img01.bqstatic.com/upload/goods/201/607/1517/20160715173505_187514.jpg@200w_200h_90Q',14.90,0,'400g/盒',0,'爱鲜蜂·泰国龙眼400g/盒',50,'爱鲜蜂·泰国龙眼400g/盒',1),(14,'爱鲜蜂·水果黄瓜400-500g/盒','http://img01.bqstatic.com/upload/goods/201/703/1616/20170316164656_755738.jpg@200w_200h_90Q',9.90,0,'400-500g/盒',1,'爱鲜蜂·水果黄瓜400-500g/盒',48,'爱鲜蜂·水果黄瓜400-500g/盒',1),(15,'爱鲜蜂·黄油桃260-330g/盒','http://img01.bqstatic.com/upload/goods/201/703/1616/20170316164756_899607.jpg@200w_200h_90Q',10.90,0,'260-330g/盒',0,'爱鲜蜂·黄油桃260-330g/盒',48,'爱鲜蜂·黄油桃260-330g/盒',1),(16,'爱鲜蜂·皇冠梨530-630g 2粒/盒','http://img01.bqstatic.com/upload/goods/201/703/0218/20170302182717_283096.jpg@200w_200h_90Q',9.90,0,'530-630g 2粒/盒',12,'爱鲜蜂·皇冠梨530-630g 2粒/盒',39,'爱鲜蜂·皇冠梨530-630g 2粒/盒',1),(17,'爱鲜蜂·四川安岳柠檬180-220g 2粒/袋','http://img01.bqstatic.com/upload/goods/201/703/1616/20170316164958_369428.jpg@200w_200h_90Q',5.90,0,'180-220g2粒/袋',1,'爱鲜蜂·四川安岳柠檬180-220g 2粒/袋',49,'爱鲜蜂·四川安岳柠檬180-220g 2粒/袋',1),(18,'爱鲜蜂·徐香猕猴桃280-360g 3粒/盒','http://img01.bqstatic.com/upload/goods/201/703/0218/20170302182550_215300.jpg@200w_200h_90Q',13.20,0,'280-360g 3粒/盒',3,'爱鲜蜂·徐香猕猴桃280-360g 3粒/盒',50,'爱鲜蜂·徐香猕猴桃280-360g 3粒/盒',1),(19,'爱鲜蜂·黑美人西瓜2.5-3.5kg/粒','http://img01.bqstatic.com/upload/goods/201/703/0218/20170302182359_933145.jpg@200w_200h_90Q',33.80,0,'2.5-3.5kg/粒',0,'爱鲜蜂·黑美人西瓜2.5-3.5kg/粒',50,'爱鲜蜂·黑美人西瓜2.5-3.5kg/粒',1),(20,'爱鲜蜂·特小凤西瓜1.5-2.5kg/粒','http://img01.bqstatic.com/upload/goods/201/701/1916/20170119164159_996462.jpg@200w_200h_90Q',25.80,0,'1.5-2.5kg/粒',22,'爱鲜蜂·特小凤西瓜1.5-2.5kg/粒',43,'爱鲜蜂·特小凤西瓜1.5-2.5kg/粒',1),(21,'爱鲜蜂·泰国椰青800g/个','http://img01.bqstatic.com/upload/goods/201/703/0916/20170309163740_072802.jpg@200w_200h_90Q',19.90,0,'800g/个',66,'爱鲜蜂·泰国椰青800g/个',46,'爱鲜蜂·泰国椰青800g/个',1),(22,'爱鲜蜂·东方蜜瓜600-800g/粒','http://img01.bqstatic.com/upload/goods/201/703/1616/20170316164933_657888.jpg@200w_200h_90Q',17.80,0,'600-800g/粒',111,'爱鲜蜂·东方蜜瓜600-800g/粒',32,'爱鲜蜂·东方蜜瓜600-800g/粒',1),(23,'爱鲜蜂·开椰器1个','http://img01.bqstatic.com/upload/goods/201/703/1514/20170315143238_098620.jpg@200w_200h_90Q',2.50,0,'1个',74,'爱鲜蜂·开椰器1个',42,'爱鲜蜂·开椰器1个',1),(24,'三元轻能黄桃+大麦优酪乳250g','http://img01.bqstatic.com/upload/goods/201/605/3109/20160531095221_551975.jpg@200w_200h_90Q',8.90,0,'250g',0,'三元轻能黄桃+大麦优酪乳250g',50,'三元轻能黄桃+大麦优酪乳250g',2),(25,'骑士1992酸牛奶180g','http://img01.bqstatic.com/upload/goods/201/608/2618/20160826185419_023449.jpg@200w_200h_90Q',6.80,0,'180g',0,'骑士1992酸牛奶180g',50,'骑士1992酸牛奶180g',2),(26,'go够轻松原味酸牛奶 235g/瓶','http://img01.bqstatic.com/upload/goods/201/611/2918/20161129183212_287528.jpg@200w_200h_90Q',8.90,0,'235g/瓶',0,'go够轻松原味酸牛奶 235g/瓶',50,'go够轻松原味酸牛奶 235g/瓶',2),(27,'辉山十天风味酸乳185g','http://img01.bqstatic.com/upload/goods/201/703/1018/20170310182402_028186.jpg@200w_200h_90Q',8.90,0,'185g',0,'辉山十天风味酸乳185g',50,'辉山十天风味酸乳185g',2),(28,'伊利益消原味活性乳酸菌160g','http://img01.bqstatic.com/upload/goods/201/602/2309/20160223093221_476028.jpg@200w_200h_90Q',2.90,0,'160g',0,'伊利益消原味活性乳酸菌160g',50,'伊利益消原味活性乳酸菌160g',2),(29,'伊利大果粒芒果+黄桃260g','http://img01.bqstatic.com/upload/goods/201/602/2309/20160223093015_058280.jpg@200w_200h_90Q',6.80,0,'260g',0,'伊利大果粒芒果+黄桃260g',50,'伊利大果粒芒果+黄桃260g',2),(30,'伊利大果粒黄桃+草莓260.0g/盒','http://img01.bqstatic.com/upload/goods/201/602/2309/20160223092904_206423.jpg@200w_200h_90Q',6.80,0,'260g',0,'伊利大果粒黄桃+草莓260.0g/盒',50,'伊利大果粒黄桃+草莓260.0g/盒',2),(31,'骑士老酸奶150g','http://img01.bqstatic.com/upload/goods/201/609/2917/20160929173613_377504.jpg@200w_200h_90Q',6.00,0,'150g',0,'骑士老酸奶150g',50,'骑士老酸奶150g',2),(32,'伊利畅轻发酵乳草莓+燕麦250g','http://img01.bqstatic.com/upload/goods/000/001/0896/0000010896.jpg@200w_200h_90Q',6.80,0,'250g',0,'伊利畅轻发酵乳草莓+燕麦250g',50,'伊利畅轻发酵乳草莓+燕麦250g',2),(33,'辉山十天风味酸乳氧气森林（草莓+蔓越莓）210g','http://img01.bqstatic.com/upload/goods/201/703/1018/20170310182521_915109.jpg@200w_200h_90Q',9.90,0,'210g',0,'辉山十天风味酸乳氧气森林（草莓+蔓越莓）210g',50,'辉山十天风味酸乳氧气森林（草莓+蔓越莓）210g',2),(34,'味全活性乳酸菌饮料原味435.0ml','http://img01.bqstatic.com/upload/goods/000/001/0901/0000010901_26880.jpg@200w_200h_90Q',6.90,0,'435ml',0,'味全活性乳酸菌饮料原味435.0ml',50,'味全活性乳酸菌饮料原味435.0ml',2),(35,'三元雪凝茯苓酸奶150.0g*4','http://img01.bqstatic.com/upload/goods/000/000/9866/0000009866.jpg@200w_200h_90Q',10.90,0,'4*150g',0,'三元雪凝茯苓酸奶150.0g*4',50,'三元雪凝茯苓酸奶150.0g*4',2),(36,'活润蓝莓山药果粒酸牛奶370g','http://img01.bqstatic.com/upload/goods/201/607/0111/20160701114205_596338.jpg@200w_200h_90Q',11.80,0,'370g',0,'活润蓝莓山药果粒酸牛奶370g',50,'活润蓝莓山药果粒酸牛奶370g',2),(37,'活润燕麦+杏果粒风味酸奶370g','http://img01.bqstatic.com/upload/goods/201/611/2414/20161124143051_066107.jpg@200w_200h_90Q',11.80,0,'370g',0,'活润燕麦+杏果粒风味酸奶370g',50,'活润燕麦+杏果粒风味酸奶370g',2),(38,'活润玫瑰+樱桃果粒酸牛奶370g','http://img01.bqstatic.com/upload/goods/201/611/2417/20161124171552_008043.jpg@200w_200h_90Q',11.80,0,'370g',0,'活润玫瑰+樱桃果粒酸牛奶370g',50,'活润玫瑰+樱桃果粒酸牛奶370g',2),(39,'维他香草味250ml','http://img01.bqstatic.com/upload/goods/201/604/2918/20160429183140_699460.jpg@200w_200h_90Q',2.90,0,'250ml',0,'维他香草味250ml',50,'维他香草味250ml',2),(40,'喜乐菌优多乳酸菌饮品330ml','http://img01.bqstatic.com/upload/goods/201/611/0215/20161102153755_652510.jpg@200w_200h_90Q',5.00,0,'330ml',0,'喜乐菌优多乳酸菌饮品330ml',50,'喜乐菌优多乳酸菌饮品330ml',2),(41,'养乐多五连装500ml','http://img01.bqstatic.com/upload/goods/000/000/2218/0000002218.jpg@200w_200h_90Q',13.00,0,'500ml',0,'养乐多五连装500ml',200,'养乐多五连装500ml',2),(42,'娃哈哈AD钙奶220g*4支','http://img01.bqstatic.com/upload/goods/000/000/2398/0000002398.jpg@200w_200h_90Q',8.00,0,'220ml*4支',0,'娃哈哈AD钙奶220g*4支',200,'娃哈哈AD钙奶220g*4支',2),(43,'康师傅妙芙欧式蛋糕奶油味96g','http://img01.bqstatic.com/upload/goods/000/000/2238/0000002238.jpg@200w_200h_90Q',6.00,0,'96g',0,'康师傅妙芙欧式蛋糕奶油味96g',200,'康师傅妙芙欧式蛋糕奶油味96g',2),(44,'康师傅妙芙欧式巧克力蛋糕96g','http://img01.bqstatic.com/upload/goods/000/000/6090/0000006090.jpg@200w_200h_90Q',6.00,0,'96g',0,'康师傅妙芙欧式巧克力蛋糕96g',200,'康师傅妙芙欧式巧克力蛋糕96g',2),(45,'旺仔复原乳牛奶125ml*4','http://img01.bqstatic.com/upload/goods/000/000/3234/0000003234.jpg@200w_200h_90Q',9.00,0,'125ml*4',0,'旺仔复原乳牛奶125ml*4',200,'旺仔复原乳牛奶125ml*4',2),(46,'乐安天天手撕面包165g','http://img01.bqstatic.com/upload/goods/000/000/3192/0000003192.jpg@200w_200h_90Q',6.00,0,'165g',0,'乐安天天手撕面包165g',200,'乐安天天手撕面包165g',2),(47,'旺仔牛奶245ml','http://img01.bqstatic.com/upload/goods/000/000/2289/0000002289.jpg@200w_200h_90Q',6.00,0,'245ml',0,'旺仔牛奶245ml',200,'旺仔牛奶245ml',2),(48,'维他奶原味豆奶250.0ml','http://img01.bqstatic.com/upload/goods/201/610/2617/20161026174013_932661.jpg@200w_200h_90Q',3.50,0,'250ml',0,'维他奶原味豆奶250.0ml',200,'维他奶原味豆奶250.0ml',2),(49,'伊利优酸乳原味250ml','http://img01.bqstatic.com/upload/goods/000/000/4119/0000004119_00080.jpg@200w_200h_90Q',2.50,0,'250ml',0,'伊利优酸乳原味250ml',200,'伊利优酸乳原味250ml',2),(50,'伊利谷粒多燕麦牛奶200ml','http://img01.bqstatic.com/upload/goods/201/604/2210/20160422104644_729436.jpg@200w_200h_90Q',4.50,0,'200ml',0,'伊利谷粒多燕麦牛奶200ml',200,'伊利谷粒多燕麦牛奶200ml',2),(51,'伊利畅轻发酵乳黄桃+燕麦250g','http://img01.bqstatic.com/upload/goods/000/000/6372/0000006372.jpg@200w_200h_90Q',6.80,0,'250g',0,'伊利畅轻发酵乳黄桃+燕麦250g',200,'伊利畅轻发酵乳黄桃+燕麦250g',2),(52,'乐安天天红豆酥派100.0g','http://img01.bqstatic.com/upload/goods/000/000/3891/0000003891.jpg@200w_200h_90Q',4.00,0,'100g',0,'乐安天天红豆酥派100.0g',200,'乐安天天红豆酥派100.0g',2),(53,'娃哈哈AD钙奶220g','http://img01.bqstatic.com/upload/goods/000/001/0376/0000010376.jpg@200w_200h_90Q',2.00,0,'220g',0,'娃哈哈AD钙奶220g',200,'娃哈哈AD钙奶220g',2),(54,'伊利大果粒黄桃+草莓260g','http://img01.bqstatic.com/upload/goods/201/602/2918/20160229184619_206151.jpg@200w_200h_90Q',7.00,0,'260g',0,'伊利大果粒黄桃+草莓260g',200,'伊利大果粒黄桃+草莓260g',2),(55,'维他巧克力豆奶250ml','http://img01.bqstatic.com/upload/goods/201/612/1510/20161215102945_846008.jpg@200w_200h_90Q',4.00,0,'250ml',0,'维他巧克力豆奶250ml',200,'维他巧克力豆奶250ml',2),(56,'伊利利乐枕牛奶240ml*16','http://img01.bqstatic.com/upload/goods/000/000/5488/0000005488_29710.jpg@200w_200h_90Q',36.00,0,'240ml*16',0,'伊利利乐枕牛奶240ml*16',200,'伊利利乐枕牛奶240ml*16',2),(57,'三元利乐枕纯牛奶227ml*16','http://img01.bqstatic.com/upload/goods/000/000/7132/0000007132.jpg@200w_200h_90Q',38.00,0,'227ml*16包',0,'三元利乐枕纯牛奶227ml*16',200,'三元利乐枕纯牛奶227ml*16',2),(58,'康师傅妙芙奶油味192g','http://img01.bqstatic.com/upload/goods/201/607/1518/20160715180049_376787.jpg@200w_200h_90Q',12.00,0,'192g',0,'康师傅妙芙奶油味192g',200,'康师傅妙芙奶油味192g',2),(59,'娃哈哈爽歪歪200ml*4瓶','http://img01.bqstatic.com/upload/goods/201/602/2317/20160223173808_624547.jpg@200w_200h_90Q',9.00,0,'200ml*4瓶',0,'娃哈哈爽歪歪200ml*4瓶',200,'娃哈哈爽歪歪200ml*4瓶',2),(60,'娃哈哈AD钙奶饮料箱220.0g*24瓶','http://img01.bqstatic.com/upload/goods/000/001/0405/0000010405.jpg@200w_200h_90Q',48.00,0,'220g*24瓶',0,'娃哈哈AD钙奶饮料箱220.0g*24瓶',200,'娃哈哈AD钙奶饮料箱220.0g*24瓶',2),(61,'「美汁源」果粒奶优草莓味450.0ml','http://img01.bqstatic.com/upload/goods/000/000/4230/0000004230.jpg@200w_200h_90Q',4.50,0,'450ml',0,'「美汁源」果粒奶优草莓味450.0ml',200,'「美汁源」果粒奶优草莓味450.0ml',2),(62,'「美汁源」果粒奶优蜜桃味450.0ml','http://img01.bqstatic.com/upload/goods/000/000/4229/0000004229.jpg@200w_200h_90Q',4.50,0,'450ml',0,'「美汁源」果粒奶优蜜桃味450.0ml',200,'「美汁源」果粒奶优蜜桃味450.0ml',2),(63,'达利园瑞士卷草莓味200g','http://img01.bqstatic.com/upload/goods/201/604/1618/20160416181616_289148.jpg@200w_200h_90Q',6.50,0,'200g',0,'达利园瑞士卷草莓味200g',200,'达利园瑞士卷草莓味200g',2),(64,'伊利金典纯牛奶箱250ml*12盒','http://img01.bqstatic.com/upload/goods/201/601/2716/20160127162845_980208.jpg@200w_200h_90Q',65.00,0,'250ml*12盒',0,'伊利金典纯牛奶箱250ml*12盒',200,'伊利金典纯牛奶箱250ml*12盒',2),(65,'伊利红枣风味酸乳150g','http://img01.bqstatic.com/upload/goods/000/000/5872/0000005872_10620.jpg@200w_200h_90Q',2.00,0,'150g',0,'伊利红枣风味酸乳150g',200,'伊利红枣风味酸乳150g',2),(66,'「美汁源」果粒奶优原味450.0ml','http://img01.bqstatic.com/upload/goods/201/602/1916/20160219163802_847787.jpg@200w_200h_90Q',5.00,0,'450ml',0,'「美汁源」果粒奶优原味450.0ml',200,'「美汁源」果粒奶优原味450.0ml',2),(67,'「美汁源」果粒奶优菠萝味450.0ml','http://img01.bqstatic.com/upload/goods/000/000/4231/0000004231.jpg@200w_200h_90Q',4.50,0,'450ml',1,'「美汁源」果粒奶优菠萝味450.0ml',200,'「美汁源」果粒奶优菠萝味450.0ml',2),(68,'娃哈哈锌爽歪歪酸奶200.0g','http://img01.bqstatic.com/upload/goods/000/000/5822/0000005822.jpg@200w_200h_90Q',2.20,0,'200g',0,'娃哈哈锌爽歪歪酸奶200.0g',200,'娃哈哈锌爽歪歪酸奶200.0g',2),(69,'三元大红枣牛奶180.0g','http://img01.bqstatic.com/upload/goods/000/000/7117/0000007117.jpg@200w_200h_90Q',2.50,0,'180g',0,'三元大红枣牛奶180.0g',200,'三元大红枣牛奶180.0g',2),(70,'蒙牛特仑苏醇纤调制乳箱250.0ml*12盒','http://img01.bqstatic.com/upload/goods/000/000/5524/0000005524.jpg@200w_200h_90Q',63.00,0,'250ml*12盒',21,'蒙牛特仑苏醇纤调制乳箱250.0ml*12盒',198,'蒙牛特仑苏醇纤调制乳箱250.0ml*12盒',2),(71,'「美汁源」果粒奶优芒果味450.0ml','http://img01.bqstatic.com/upload/goods/000/000/7752/0000007752.jpg@200w_200h_90Q',4.50,0,'450ml',74,'「美汁源」果粒奶优芒果味450.0ml',199,'「美汁源」果粒奶优芒果味450.0ml',2),(72,'旺仔牛奶箱145.0ml*20罐','http://img01.bqstatic.com/upload/goods/000/000/9070/0000009070.jpg@200w_200h_90Q',52.00,0,'145ml*20罐',9,'旺仔牛奶箱145.0ml*20罐',192,'旺仔牛奶箱145.0ml*20罐',2),(73,'麻辣味鲅鱼32g','http://img01.bqstatic.com/upload/goods/201/703/1318/20170313185620_821516.jpg@200w_200h_90Q',1.00,0,'32g',0,'麻辣味鲅鱼32g',50,'麻辣味鲅鱼32g',3),(74,'迎丰瓜子焦糖味219g','http://img01.bqstatic.com/upload/goods/201/606/2810/20160628101132_097878.jpg@200w_200h_90Q',12.00,0,'219g',0,'迎丰瓜子焦糖味219g',200,'迎丰瓜子焦糖味219g',3),(75,'迎丰瓜子核桃味219g','http://img01.bqstatic.com/upload/goods/201/606/2810/20160628101251_585825.jpg@200w_200h_90Q',11.00,0,'219g',0,'迎丰瓜子核桃味219g',200,'迎丰瓜子核桃味219g',3),(76,'麻辣味带鱼32g','http://img01.bqstatic.com/upload/goods/201/703/1318/20170313185647_852777.jpg@200w_200h_90Q',1.00,0,'32g',0,'麻辣味带鱼32g',50,'麻辣味带鱼32g',3),(77,'黑胡椒风味鱼豆腐22g','http://img01.bqstatic.com/upload/goods/201/703/1318/20170313185518_250319.jpg@200w_200h_90Q',1.00,0,'22g',0,'黑胡椒风味鱼豆腐22g',50,'黑胡椒风味鱼豆腐22g',3),(78,'香辣味手撕素肉排22g','http://img01.bqstatic.com/upload/goods/201/703/1318/20170313185721_456061.jpg@200w_200h_90Q',1.00,0,'22g',0,'香辣味手撕素肉排22g',50,'香辣味手撕素肉排22g',3),(79,'卫龙亲嘴烧红烧牛肉味22g','http://img01.bqstatic.com/upload/goods/201/604/2516/20160425161640_531752.jpg@200w_200h_90Q',0.80,0,'22g',0,'卫龙亲嘴烧红烧牛肉味22g',200,'卫龙亲嘴烧红烧牛肉味22g',3),(80,'咪咪虾味条20g','http://img01.bqstatic.com/upload/goods/000/000/4222/0000004222.jpg@200w_200h_90Q',0.80,0,'20g',0,'咪咪虾味条20g',200,'咪咪虾味条20g',3),(81,'卫龙亲嘴烧川香风味22g','http://img01.bqstatic.com/upload/goods/201/604/2516/20160425161237_869847.jpg@200w_200h_90Q',0.80,0,'22g',0,'卫龙亲嘴烧川香风味22g',200,'卫龙亲嘴烧川香风味22g',3),(82,'梁丰麦丽素80g','http://img01.bqstatic.com/upload/goods/201/601/2012/20160120120101_970607.jpg@200w_200h_90Q',4.00,0,'80g',0,'梁丰麦丽素80g',200,'梁丰麦丽素80g',3),(83,'卫龙亲嘴烧麦辣鸡汁味22g','http://img01.bqstatic.com/upload/goods/201/607/1815/20160718154652_421536.jpg@200w_200h_90Q',0.80,0,'22g',0,'卫龙亲嘴烧麦辣鸡汁味22g',200,'卫龙亲嘴烧麦辣鸡汁味22g',3),(84,'洽洽焦糖瓜子108g','http://img01.bqstatic.com/upload/goods/000/009/8055/0000098055_73470.jpg@200w_200h_90Q',7.00,0,'108g',0,'洽洽焦糖瓜子108g',200,'洽洽焦糖瓜子108g',3),(85,'上好佳鲜虾片40g','http://img01.bqstatic.com/upload/goods/201/610/2616/20161026160157_179729.jpg@200w_200h_90Q',4.00,0,'40g',0,'上好佳鲜虾片40g',200,'上好佳鲜虾片40g',3),(86,'金鸽多味葵花子260g','http://img01.bqstatic.com/upload/goods/000/001/1628/0000011628_23140.jpg@200w_200h_90Q',8.00,0,'260g',0,'金鸽多味葵花子260g',200,'金鸽多味葵花子260g',3),(87,'乐事美国经典原味薯片70g','http://img01.bqstatic.com/upload/goods/201/609/2215/20160922153553_377116.jpg@200w_200h_90Q',7.00,0,'70g',0,'乐事美国经典原味薯片70g',200,'乐事美国经典原味薯片70g',3),(88,'新家园烤馍锅巴孜然风味63g','http://img01.bqstatic.com/upload/goods/000/000/9911/0000009911.jpg@200w_200h_90Q',2.00,0,'63g',0,'新家园烤馍锅巴孜然风味63g',200,'新家园烤馍锅巴孜然风味63g',3),(89,'洽洽香瓜子260g','http://img01.bqstatic.com/upload/goods/000/000/2232/0000002232_65560.jpg@200w_200h_90Q',9.00,0,'260g',0,'洽洽香瓜子260g',200,'洽洽香瓜子260g',3),(90,'家缘好吃点锅巴五香味102g','http://img01.bqstatic.com/upload/goods/000/000/6025/0000006025_63530.jpg@200w_200h_90Q',2.50,0,'102g',0,'家缘好吃点锅巴五香味102g',200,'家缘好吃点锅巴五香味102g',3),(91,'洽洽山核桃味瓜子108g','http://img01.bqstatic.com/upload/goods/000/009/8054/0000098054_46710.jpg@200w_200h_90Q',6.50,0,'108g',0,'洽洽山核桃味瓜子108g',200,'洽洽山核桃味瓜子108g',3),(92,'旺旺雪饼84g','http://img01.bqstatic.com/upload/goods/000/000/2474/0000002474_99350.jpg@200w_200h_90Q',4.50,0,'84g',0,'旺旺雪饼84g',200,'旺旺雪饼84g',3),(93,'新家园烤馍锅巴烧烤味63g','http://img01.bqstatic.com/upload/goods/000/000/5928/0000005928_60850.jpg@200w_200h_90Q',2.00,0,'63g',0,'新家园烤馍锅巴烧烤味63g',200,'新家园烤馍锅巴烧烤味63g',3),(94,'家缘锅巴麻辣味102g','http://img01.bqstatic.com/upload/goods/000/000/9856/0000009856.jpg@200w_200h_90Q',3.00,0,'102g',0,'家缘锅巴麻辣味102g',200,'家缘锅巴麻辣味102g',3),(95,'老奶奶花生米122g','http://img01.bqstatic.com/upload/goods/000/000/3253/0000003253.jpg@200w_200h_90Q',4.00,0,'122g',0,'老奶奶花生米122g',200,'老奶奶花生米122g',3),(96,'家缘好吃点锅巴牛肉味102g','http://img01.bqstatic.com/upload/goods/000/000/6023/0000006023_16780.jpg@200w_200h_90Q',2.50,0,'102g',0,'家缘好吃点锅巴牛肉味102g',200,'家缘好吃点锅巴牛肉味102g',3),(97,'康师傅蛋酥卷（奶油味）90g','http://img01.bqstatic.com/upload/goods/000/000/2439/0000002439.jpg@200w_200h_90Q',6.50,0,'90g',0,'康师傅蛋酥卷（奶油味）90g',200,'康师傅蛋酥卷（奶油味）90g',3),(98,'有友泡椒凤爪180g','http://img01.bqstatic.com/upload/goods/000/000/2548/0000002548.jpg@200w_200h_90Q',10.30,0,'180g',0,'有友泡椒凤爪180g',200,'有友泡椒凤爪180g',3),(99,'有友泡凤爪山椒味80g','http://img01.bqstatic.com/upload/goods/201/612/2814/20161228140838_630847.jpg@200w_200h_90Q',5.20,0,'80g',0,'有友泡凤爪山椒味80g',200,'有友泡凤爪山椒味80g',3),(100,'好丽友呀土豆番茄酱味70g','http://img01.bqstatic.com/upload/goods/000/000/5943/0000005943_47910.jpg@200w_200h_90Q',6.00,0,'70g',0,'好丽友呀土豆番茄酱味70g',200,'好丽友呀土豆番茄酱味70g',3),(101,'上好佳鲜虾条40g','http://img01.bqstatic.com/upload/goods/000/000/4602/0000004602_51160.jpg@200w_200h_90Q',4.00,0,'40g',0,'上好佳鲜虾条40g',200,'上好佳鲜虾条40g',3),(102,'乐事意大利香浓红烩味薯片70g','http://img01.bqstatic.com/upload/goods/201/609/2215/20160922153758_730370.jpg@200w_200h_90Q',6.50,0,'70g',0,'乐事意大利香浓红烩味薯片70g',200,'乐事意大利香浓红烩味薯片70g',3),(103,'乐事黄瓜味薯片70g','http://img01.bqstatic.com/upload/goods/201/604/0809/20160408092706_678944.jpg@200w_200h_90Q',7.00,0,'70g',0,'乐事黄瓜味薯片70g',200,'乐事黄瓜味薯片70g',3),(104,'家缘好吃点锅巴孜然味102g','http://img01.bqstatic.com/upload/goods/000/000/6024/0000006024_61300.jpg@200w_200h_90Q',2.50,0,'102g',0,'家缘好吃点锅巴孜然味102g',200,'家缘好吃点锅巴孜然味102g',3),(105,'奥利奥夹心饼干原味130g/袋','http://img01.bqstatic.com/upload/goods/201/601/2916/20160129162957_900948.jpg@200w_200h_90Q',6.50,0,'130g',0,'奥利奥夹心饼干原味130g/袋',200,'奥利奥夹心饼干原味130g/袋',3),(106,'好丽友好友趣薯片韩国泡菜味75g','http://img01.bqstatic.com/upload/goods/000/000/7882/0000007882.jpg@200w_200h_90Q',6.00,0,'75g',0,'好丽友好友趣薯片韩国泡菜味75g',200,'好丽友好友趣薯片韩国泡菜味75g',3),(107,'乐事大波浪薯片香脆烤鸡翅味70g','http://img01.bqstatic.com/upload/goods/201/602/2414/20160224144033_296822.jpg@200w_200h_90Q',7.00,0,'70g',0,'乐事大波浪薯片香脆烤鸡翅味70g',200,'乐事大波浪薯片香脆烤鸡翅味70g',3),(108,'甘源牌蟹黄味瓜子仁75g','http://img01.bqstatic.com/upload/goods/000/000/3564/0000003564.jpg@200w_200h_90Q',4.00,0,'75g',0,'甘源牌蟹黄味瓜子仁75g',200,'甘源牌蟹黄味瓜子仁75g',3),(109,'新家园烤馍锅巴咖喱牛肉风味63g','http://img01.bqstatic.com/upload/goods/000/000/9906/0000009906.jpg@200w_200h_90Q',2.00,0,'63g',0,'新家园烤馍锅巴咖喱牛肉风味63g',200,'新家园烤馍锅巴咖喱牛肉风味63g',3),(110,'士力架花生夹心巧克力51g','http://img01.bqstatic.com/upload/goods/000/000/2421/0000002421.jpg@200w_200h_90Q',5.00,0,'51g',0,'士力架花生夹心巧克力51g',200,'士力架花生夹心巧克力51g',3),(111,'金大州金针菇香辣味35g','http://img01.bqstatic.com/upload/goods/000/000/8104/0000008104.jpg@200w_200h_90Q',3.00,0,'35g',0,'金大州金针菇香辣味35g',200,'金大州金针菇香辣味35g',3),(112,'乖乖脆果炼乳味70g','http://img01.bqstatic.com/upload/goods/000/000/8645/0000008645.jpg@200w_200h_90Q',4.80,0,'70g',0,'乖乖脆果炼乳味70g',200,'乖乖脆果炼乳味70g',3),(113,'达利园法式香奶味软面包200g','http://img01.bqstatic.com/upload/goods/000/000/4246/0000004246.jpg@200w_200h_90Q',7.00,0,'200g',0,'达利园法式香奶味软面包200g',200,'达利园法式香奶味软面包200g',3),(114,'卡夫太平梳打饼干奶盐100g','http://img01.bqstatic.com/upload/goods/000/000/2394/0000002394_05870.jpg@200w_200h_90Q',4.00,0,'100g',0,'卡夫太平梳打饼干奶盐100g',200,'卡夫太平梳打饼干奶盐100g',3),(115,'上好佳洋葱圈40g','http://img01.bqstatic.com/upload/goods/000/000/5933/0000005933_56900.jpg@200w_200h_90Q',3.80,0,'40g',0,'上好佳洋葱圈40g',200,'上好佳洋葱圈40g',3),(116,'正林瓜子225g','http://img01.bqstatic.com/upload/goods/000/000/2406/0000002406_07670.jpg@200w_200h_90Q',10.00,0,'225g',0,'正林瓜子225g',200,'正林瓜子225g',3),(117,'洽洽原香瓜子285g','http://img01.bqstatic.com/upload/goods/000/000/5577/0000005577.jpg@200w_200h_90Q',10.50,0,'285g',0,'洽洽原香瓜子285g',200,'洽洽原香瓜子285g',3),(118,'新家园烤馍锅巴椒盐风味63g','http://img01.bqstatic.com/upload/goods/000/000/9905/0000009905.jpg@200w_200h_90Q',2.00,0,'63g',0,'新家园烤馍锅巴椒盐风味63g',200,'新家园烤馍锅巴椒盐风味63g',3),(119,'甘源牌蟹黄味蚕豆75g','http://img01.bqstatic.com/upload/goods/000/000/3565/0000003565.jpg@200w_200h_90Q',4.00,0,'75g',0,'甘源牌蟹黄味蚕豆75g',200,'甘源牌蟹黄味蚕豆75g',3),(120,'旺旺小小酥原味60g','http://img01.bqstatic.com/upload/goods/000/000/6027/0000006027_52170.jpg@200w_200h_90Q',3.00,0,'60g',0,'旺旺小小酥原味60g',200,'旺旺小小酥原味60g',3),(121,'家缘好吃点锅巴鸡汁味102g','http://img01.bqstatic.com/upload/goods/201/601/2011/20160120115307_709762.jpg@200w_200h_90Q',3.00,0,'102g',0,'家缘好吃点锅巴鸡汁味102g',200,'家缘好吃点锅巴鸡汁味102g',3),(122,'金鸽多味葵花子160g','http://img01.bqstatic.com/upload/goods/000/000/8832/0000008832.jpg@200w_200h_90Q',5.00,0,'160g',0,'金鸽多味葵花子160g',200,'金鸽多味葵花子160g',3),(123,'太平香葱味梳打饼干100g','http://img01.bqstatic.com/upload/goods/000/000/2396/0000002396_11760.jpg@200w_200h_90Q',4.00,0,'100g',0,'太平香葱味梳打饼干100g',200,'太平香葱味梳打饼干100g',3),(124,'乖媳妇泡椒凤爪90g','http://img01.bqstatic.com/upload/goods/000/000/3501/0000003501.jpg@200w_200h_90Q',4.50,0,'90g',0,'乖媳妇泡椒凤爪90g',200,'乖媳妇泡椒凤爪90g',3),(125,'上好佳芝士条40g','http://img01.bqstatic.com/upload/goods/000/000/4603/0000004603.jpg@200w_200h_90Q',4.00,0,'40g',0,'上好佳芝士条40g',200,'上好佳芝士条40g',3),(126,'波力海苔原味4.5g','http://img01.bqstatic.com/upload/goods/000/000/5896/0000005896_07880.jpg@200w_200h_90Q',4.50,0,'4.5g',0,'波力海苔原味4.5g',200,'波力海苔原味4.5g',3),(127,'乐事意大利香浓红烩味40.0g','http://img01.bqstatic.com/upload/goods/000/000/5229/0000005229.jpg@200w_200h_90Q',4.00,0,'40g',0,'乐事意大利香浓红烩味40.0g',200,'乐事意大利香浓红烩味40.0g',3),(128,'新家园烤馍锅巴麻辣风味63g','http://img01.bqstatic.com/upload/goods/000/000/9907/0000009907.jpg@200w_200h_90Q',2.00,0,'63g',0,'新家园烤馍锅巴麻辣风味63g',200,'新家园烤馍锅巴麻辣风味63g',3),(129,'薯愿薯片红酒牛排味104g','http://img01.bqstatic.com/upload/goods/000/000/2412/0000002412.jpg@200w_200h_90Q',9.00,0,'104g',0,'薯愿薯片红酒牛排味104g',200,'薯愿薯片红酒牛排味104g',3),(130,'薯愿薯片香烤原味104g','http://img01.bqstatic.com/upload/goods/000/000/2415/0000002415.jpg@200w_200h_90Q',9.00,0,'104g',0,'薯愿薯片香烤原味104g',200,'薯愿薯片香烤原味104g',3),(131,'新家园烤馍锅巴香辣鸡肉味63g','http://img01.bqstatic.com/upload/goods/000/000/9909/0000009909.jpg@200w_200h_90Q',2.00,0,'63g',0,'新家园烤馍锅巴香辣鸡肉味63g',200,'新家园烤馍锅巴香辣鸡肉味63g',3),(132,'乐事大波浪铁板鱿鱼味薯片70g','http://img01.bqstatic.com/upload/goods/201/602/2414/20160224143719_460188.jpg@200w_200h_90Q',7.50,0,'70g',0,'乐事大波浪铁板鱿鱼味薯片70g',200,'乐事大波浪铁板鱿鱼味薯片70g',3),(133,'金大洲香辣金针菇（香辣味）35g','http://img01.bqstatic.com/upload/goods/000/000/3853/0000003853.jpg@200w_200h_90Q',3.00,0,'35g',0,'金大洲香辣金针菇（香辣味）35g',200,'金大洲香辣金针菇（香辣味）35g',3),(134,'邬辣妈酒鬼豆筋80g','http://img01.bqstatic.com/upload/goods/000/000/7012/0000007012.jpg@200w_200h_90Q',3.00,0,'80g',0,'邬辣妈酒鬼豆筋80g',200,'邬辣妈酒鬼豆筋80g',3),(135,'旺旺黑胡椒味小小酥60g','http://img01.bqstatic.com/upload/goods/000/000/6029/0000006029_00320.jpg@200w_200h_90Q',3.00,0,'60g',0,'旺旺黑胡椒味小小酥60g',200,'旺旺黑胡椒味小小酥60g',3),(136,'丽芝士纳宝帝奶酪威化饼干58g','http://img01.bqstatic.com/upload/goods/000/009/8090/0000098090_23170.jpg@200w_200h_90Q',3.00,0,'58g',0,'丽芝士纳宝帝奶酪威化饼干58g',200,'丽芝士纳宝帝奶酪威化饼干58g',3),(137,'好丽友派巧克力味204g','http://img01.bqstatic.com/upload/goods/000/000/8449/0000008449.jpg@200w_200h_90Q',12.00,0,'204g',0,'好丽友派巧克力味204g',200,'好丽友派巧克力味204g',3),(138,'乐事无限翡翠黄瓜味薯片104g','http://img01.bqstatic.com/upload/goods/000/001/3610/0000013610_94000.jpg@200w_200h_90Q',9.00,0,'104g',0,'乐事无限翡翠黄瓜味薯片104g',200,'乐事无限翡翠黄瓜味薯片104g',3),(139,'卡夫富丽饼干100g','http://img01.bqstatic.com/upload/goods/000/000/2239/0000002239_24470.jpg@200w_200h_90Q',6.00,0,'100g',0,'卡夫富丽饼干100g',200,'卡夫富丽饼干100g',3),(140,'众望小麻花葱油咸味112g','http://img01.bqstatic.com/upload/goods/000/000/3215/0000003215.jpg@200w_200h_90Q',4.00,0,'112g',0,'众望小麻花葱油咸味112g',200,'众望小麻花葱油咸味112g',3),(141,'乐事无限忠于原味薯片104g','http://img01.bqstatic.com/upload/goods/000/000/5247/0000005247.jpg@200w_200h_90Q',9.00,0,'104g',0,'乐事无限忠于原味薯片104g',199,'乐事无限忠于原味薯片104g',3),(142,'乐事墨西哥鸡汁番茄味薯片70g','http://img01.bqstatic.com/upload/goods/201/609/2215/20160922153939_433971.jpg@200w_200h_90Q',7.00,0,'70g',0,'乐事墨西哥鸡汁番茄味薯片70g',200,'乐事墨西哥鸡汁番茄味薯片70g',3),(143,'旺旺葱香鸡肉味小小酥60g','http://img01.bqstatic.com/upload/goods/000/000/6028/0000006028_95620.jpg@200w_200h_90Q',3.00,0,'60g',0,'旺旺葱香鸡肉味小小酥60g',200,'旺旺葱香鸡肉味小小酥60g',3),(144,'康师傅蛋酥卷醇香芝麻口味90g','http://img01.bqstatic.com/upload/goods/000/000/6058/0000006058.jpg@200w_200h_90Q',6.50,0,'90g',0,'康师傅蛋酥卷醇香芝麻口味90g',200,'康师傅蛋酥卷醇香芝麻口味90g',3),(145,'好丽友蛋黄派6枚','http://img01.bqstatic.com/upload/goods/000/000/2229/0000002229_35860.jpg@200w_200h_90Q',12.00,0,'6枚',0,'好丽友蛋黄派6枚',200,'好丽友蛋黄派6枚',3),(146,'格力高百醇抹茶慕斯味饼干48g','http://img01.bqstatic.com/upload/goods/000/000/3573/0000003573_49880.jpg@200w_200h_90Q',6.50,0,'48g',0,'格力高百醇抹茶慕斯味饼干48g',200,'格力高百醇抹茶慕斯味饼干48g',3),(147,'乖媳妇山椒凤爪90g','http://img01.bqstatic.com/upload/goods/000/000/8511/0000008511.jpg@200w_200h_90Q',4.50,0,'90g',0,'乖媳妇山椒凤爪90g',200,'乖媳妇山椒凤爪90g',3),(148,'同享九制话梅120g','http://img01.bqstatic.com/upload/goods/000/000/5898/0000005898_86480.jpg@200w_200h_90Q',7.00,0,'120g',0,'同享九制话梅120g',200,'同享九制话梅120g',3),(149,'康师傅清新柠檬味苏打饼干125g','http://img01.bqstatic.com/upload/goods/000/000/2404/0000002404.jpg@200w_200h_90Q',5.50,0,'125g',0,'康师傅清新柠檬味苏打饼干125g',200,'康师傅清新柠檬味苏打饼干125g',3),(150,'好丽友提拉米苏6枚138g','http://img01.bqstatic.com/upload/goods/000/000/2230/0000002230_76050.jpg@200w_200h_90Q',12.00,0,'138g',0,'好丽友提拉米苏6枚138g',200,'好丽友提拉米苏6枚138g',3),(151,'张二嘎兰花豆130g','http://img01.bqstatic.com/upload/goods/000/000/3230/0000003230.jpg@200w_200h_90Q',4.00,0,'130g',0,'张二嘎兰花豆130g',200,'张二嘎兰花豆130g',3),(152,'达利园法式香橙味软面包200g','http://img01.bqstatic.com/upload/goods/000/000/4304/0000004304.jpg@200w_200h_90Q',7.00,0,'200g',0,'达利园法式香橙味软面包200g',200,'达利园法式香橙味软面包200g',3),(153,'乐事得克萨斯烧烤味薯片70g','http://img01.bqstatic.com/upload/goods/201/604/0809/20160408092603_063211.jpg@200w_200h_90Q',6.80,0,'70g',0,'乐事得克萨斯烧烤味薯片70g',200,'乐事得克萨斯烧烤味薯片70g',3),(154,'好丽友蘑古力牛奶巧克力味48g','http://img01.bqstatic.com/upload/goods/000/000/3661/0000003661.jpg@200w_200h_90Q',4.50,0,'48g',0,'好丽友蘑古力牛奶巧克力味48g',200,'好丽友蘑古力牛奶巧克力味48g',3),(155,'好丽友呀土豆滋香烤鸡味70g','http://img01.bqstatic.com/upload/goods/000/000/5944/0000005944_02910.jpg@200w_200h_90Q',6.00,0,'70g',0,'好丽友呀土豆滋香烤鸡味70g',200,'好丽友呀土豆滋香烤鸡味70g',3),(156,'好丽友好友趣薯片多汁牛排味75g','http://img01.bqstatic.com/upload/goods/000/000/7886/0000007886.jpg@200w_200h_90Q',6.00,0,'75g',0,'好丽友好友趣薯片多汁牛排味75g',200,'好丽友好友趣薯片多汁牛排味75g',3),(157,'格力高百奇巧克力味60g','http://img01.bqstatic.com/upload/goods/000/000/3582/0000003582.jpg@200w_200h_90Q',6.00,0,'60g',0,'格力高百奇巧克力味60g',200,'格力高百奇巧克力味60g',3),(158,'金猪脆泡猪皮90g','http://img01.bqstatic.com/upload/goods/000/000/2749/0000002749.jpg@200w_200h_90Q',4.00,0,'90g',0,'金猪脆泡猪皮90g',200,'金猪脆泡猪皮90g',3),(159,'好丽友Q蒂蛋糕摩卡巧克力味6枚168g','http://img01.bqstatic.com/upload/goods/000/000/6340/0000006340.jpg@200w_200h_90Q',12.00,0,'168g',0,'好丽友Q蒂蛋糕摩卡巧克力味6枚168g',200,'好丽友Q蒂蛋糕摩卡巧克力味6枚168g',3),(160,'张二嘎怪味豆130g','http://img01.bqstatic.com/upload/goods/000/000/3570/0000003570.jpg@200w_200h_90Q',4.00,0,'130g',0,'张二嘎怪味豆130g',200,'张二嘎怪味豆130g',3),(161,'好丽友呀土豆里脊牛排味70g','http://img01.bqstatic.com/upload/goods/000/000/5945/0000005945_93070.jpg@200w_200h_90Q',6.00,0,'70g',0,'好丽友呀土豆里脊牛排味70g',200,'好丽友呀土豆里脊牛排味70g',3),(162,'好丽友好友趣加勒比烤翅味75g','http://img01.bqstatic.com/upload/goods/000/000/5313/0000005313.jpg@200w_200h_90Q',6.00,0,'75g',0,'好丽友好友趣加勒比烤翅味75g',200,'好丽友好友趣加勒比烤翅味75g',3),(163,'乐吧薯片芥末味50g','http://img01.bqstatic.com/upload/goods/000/001/1942/0000011942_11500.jpg@200w_200h_90Q',2.00,0,'50g',0,'乐吧薯片芥末味50g',200,'乐吧薯片芥末味50g',3),(164,'百奇抹茶味50g','http://img01.bqstatic.com/upload/goods/000/000/3584/0000003584.jpg@200w_200h_90Q',6.00,0,'50g',0,'百奇抹茶味50g',200,'百奇抹茶味50g',3),(165,'达利园好吃点香脆杏仁饼108g','http://img01.bqstatic.com/upload/goods/000/000/2436/0000002436_15730.jpg@200w_200h_90Q',5.00,0,'108g',0,'达利园好吃点香脆杏仁饼108g',200,'达利园好吃点香脆杏仁饼108g',3),(166,'咪咪蟹味酥82.0g','http://img01.bqstatic.com/upload/goods/000/000/6053/0000006053_11340.jpg@200w_200h_90Q',3.00,0,'82g',0,'咪咪蟹味酥82.0g',200,'咪咪蟹味酥82.0g',3),(167,'乐事无限鲜浓番茄味薯片104g','http://img01.bqstatic.com/upload/goods/000/000/5952/0000005952.jpg@200w_200h_90Q',9.00,0,'104g',0,'乐事无限鲜浓番茄味薯片104g',200,'乐事无限鲜浓番茄味薯片104g',3),(168,'乐事墨西哥鸡汁番茄40.0g','http://img01.bqstatic.com/upload/goods/000/000/5236/0000005236.jpg@200w_200h_90Q',4.00,0,'40g',0,'乐事墨西哥鸡汁番茄40.0g',200,'乐事墨西哥鸡汁番茄40.0g',3),(169,'好丽友好友趣纯香原味75g','http://img01.bqstatic.com/upload/goods/000/000/5310/0000005310.jpg@200w_200h_90Q',6.00,0,'75g',0,'好丽友好友趣纯香原味75g',200,'好丽友好友趣纯香原味75g',3),(170,'吴记吴奶奶花生米120g','http://img01.bqstatic.com/upload/goods/000/000/3228/0000003228.jpg@200w_200h_90Q',4.00,0,'120g',0,'吴记吴奶奶花生米120g',200,'吴记吴奶奶花生米120g',3),(171,'乐吧薯片烧烤味50g','http://img01.bqstatic.com/upload/goods/000/001/1936/0000011936_45320.jpg@200w_200h_90Q',2.00,0,'50g',0,'乐吧薯片烧烤味50g',200,'乐吧薯片烧烤味50g',3),(172,'好丽友派巧克力味2枚装68g','http://img01.bqstatic.com/upload/goods/000/000/5895/0000005895.jpg@200w_200h_90Q',4.00,0,'68g',0,'好丽友派巧克力味2枚装68g',200,'好丽友派巧克力味2枚装68g',3),(173,'好丽友浓香茄汁味好多鱼33g','http://img01.bqstatic.com/upload/goods/000/000/3982/0000003982.jpg@200w_200h_90Q',5.00,0,'33g',0,'好丽友浓香茄汁味好多鱼33g',200,'好丽友浓香茄汁味好多鱼33g',3),(174,'乐事美国经典原味45g','http://img01.bqstatic.com/upload/goods/000/000/2305/0000002305_49120.jpg@200w_200h_90Q',5.00,0,'45g',0,'乐事美国经典原味45g',200,'乐事美国经典原味45g',3),(175,'格力高百醇牛奶味48g','http://img01.bqstatic.com/upload/goods/000/000/3577/0000003577_21000.jpg@200w_200h_90Q',6.50,0,'48g',0,'格力高百醇牛奶味48g',200,'格力高百醇牛奶味48g',3),(176,'达利园好吃点香脆核桃饼108g','http://img01.bqstatic.com/upload/goods/000/000/2438/0000002438_91970.jpg@200w_200h_90Q',5.00,0,'108g',0,'达利园好吃点香脆核桃饼108g',200,'达利园好吃点香脆核桃饼108g',3),(177,'徐福记沙琪玛香酥全蛋味160.0g','http://img01.bqstatic.com/upload/goods/000/000/8044/0000008044.jpg@200w_200h_90Q',6.00,0,'160g',0,'徐福记沙琪玛香酥全蛋味160.0g',200,'徐福记沙琪玛香酥全蛋味160.0g',3),(178,'乐事薯片意大利香浓红烩味中包75g','http://img01.bqstatic.com/upload/goods/000/000/7844/0000007844.jpg@200w_200h_90Q',7.00,0,'75g',0,'乐事薯片意大利香浓红烩味中包75g',200,'乐事薯片意大利香浓红烩味中包75g',3),(179,'乐事黄瓜味45g','http://img01.bqstatic.com/upload/goods/000/000/7847/0000007847.jpg@200w_200h_90Q',4.50,0,'45g',0,'乐事黄瓜味45g',200,'乐事黄瓜味45g',3),(180,'好丽友好友趣蜂蜜黄油味75g','http://img01.bqstatic.com/upload/goods/000/006/2912/0000062912_80980.jpg@200w_200h_90Q',6.00,0,'75g',0,'好丽友好友趣蜂蜜黄油味75g',200,'好丽友好友趣蜂蜜黄油味75g',3),(181,'格力高百奇草莓味55g','http://img01.bqstatic.com/upload/goods/000/000/3586/0000003586.jpg@200w_200h_90Q',6.00,0,'55g',0,'格力高百奇草莓味55g',200,'格力高百奇草莓味55g',3),(182,'好丽友呀土豆蜂蜜黄油味70g','http://img01.bqstatic.com/upload/goods/201/606/2010/20160620101114_095547.jpg@200w_200h_90Q',6.00,0,'70g',0,'好丽友呀土豆蜂蜜黄油味70g',200,'好丽友呀土豆蜂蜜黄油味70g',3),(183,'好丽友好友趣韩国泡菜味45.0g','http://img01.bqstatic.com/upload/goods/000/000/5312/0000005312.jpg@200w_200h_90Q',4.00,0,'45g',0,'好丽友好友趣韩国泡菜味45.0g',200,'好丽友好友趣韩国泡菜味45.0g',3),(184,'乐事大波浪薯片碳烤五花肉味70g','http://img01.bqstatic.com/upload/goods/201/609/2915/20160929153812_717495.jpg@200w_200h_90Q',7.00,0,'70g',0,'乐事大波浪薯片碳烤五花肉味70g',200,'乐事大波浪薯片碳烤五花肉味70g',3),(185,'乐事无限吮指红烧肉味薯片104g','http://img01.bqstatic.com/upload/goods/000/000/5249/0000005249.jpg@200w_200h_90Q',9.00,0,'104g',0,'乐事无限吮指红烧肉味薯片104g',200,'乐事无限吮指红烧肉味薯片104g',3),(186,'徐福记鸡蛋沙琪玛160g*2','http://img01.bqstatic.com/upload/goods/201/602/2516/20160225164435_189535.jpg@200w_200h_90Q',11.00,0,'160g*2',0,'徐福记鸡蛋沙琪玛160g*2',200,'徐福记鸡蛋沙琪玛160g*2',3),(187,'格力高百奇牛奶味60g','http://img01.bqstatic.com/upload/goods/000/000/3588/0000003588.jpg@200w_200h_90Q',6.50,0,'60g',0,'格力高百奇牛奶味60g',200,'格力高百奇牛奶味60g',3),(188,'格力高百醇注心饼干红酒巧克力味48g','http://img01.bqstatic.com/upload/goods/201/601/2011/20160120114955_017265.jpg@200w_200h_90Q',6.80,0,'48g',0,'格力高百醇注心饼干红酒巧克力味48g',200,'格力高百醇注心饼干红酒巧克力味48g',3),(189,'好丽友呀土豆番茄酱味40g','http://img01.bqstatic.com/upload/goods/000/000/5939/0000005939_63510.jpg@200w_200h_90Q',4.00,0,'40g',0,'好丽友呀土豆番茄酱味40g',200,'好丽友呀土豆番茄酱味40g',3),(190,'格力高百醇巧克力味48.0g','http://img01.bqstatic.com/upload/goods/000/000/3574/0000003574_68050.jpg@200w_200h_90Q',6.50,0,'48g',0,'格力高百醇巧克力味48.0g',200,'格力高百醇巧克力味48.0g',3),(191,'乐事经典美味得克萨斯烧烤味40.0g','http://img01.bqstatic.com/upload/goods/000/000/5343/0000005343.jpg@200w_200h_90Q',4.00,0,'40g',0,'乐事经典美味得克萨斯烧烤味40.0g',200,'乐事经典美味得克萨斯烧烤味40.0g',3),(192,'多力多滋超浓芝士味玉米片(小)65.0g','http://img01.bqstatic.com/upload/goods/000/000/9522/0000009522.jpg@200w_200h_90Q',10.00,0,'65g',0,'多力多滋超浓芝士味玉米片(小)65.0g',200,'多力多滋超浓芝士味玉米片(小)65.0g',3),(193,'家缘黄豆脆孜然味102g','http://img01.bqstatic.com/upload/goods/000/000/9884/0000009884.jpg@200w_200h_90Q',3.00,0,'102g',0,'家缘黄豆脆孜然味102g',200,'家缘黄豆脆孜然味102g',3),(194,'乐事大波浪薯片辛辣味70g','http://img01.bqstatic.com/upload/goods/201/609/2915/20160929154542_267497.jpg@200w_200h_90Q',6.80,0,'70g',0,'乐事大波浪薯片辛辣味70g',200,'乐事大波浪薯片辛辣味70g',3),(195,'好丽友派清新抹茶本味216g','http://img01.bqstatic.com/upload/goods/201/611/1618/20161116182305_249135.jpg@200w_200h_90Q',12.00,0,'216g',0,'好丽友派清新抹茶本味216g',200,'好丽友派清新抹茶本味216g',3),(196,'卡夫太平梳打饼芝麻100g','http://img01.bqstatic.com/upload/goods/000/000/2395/0000002395_36550.jpg@200w_200h_90Q',4.00,0,'100g',0,'卡夫太平梳打饼芝麻100g',200,'卡夫太平梳打饼芝麻100g',3),(197,'北田能量99棒蛋黄味180g','http://img01.bqstatic.com/upload/goods/000/000/2473/0000002473.jpg@200w_200h_90Q',10.00,0,'180g',0,'北田能量99棒蛋黄味180g',200,'北田能量99棒蛋黄味180g',3),(198,'薯愿薯片香焗番茄味104g','http://img01.bqstatic.com/upload/goods/000/000/2414/0000002414.jpg@200w_200h_90Q',9.00,0,'104g',0,'薯愿薯片香焗番茄味104g',200,'薯愿薯片香焗番茄味104g',3),(199,'旺旺挑豆50.0g','http://img01.bqstatic.com/upload/goods/000/000/6026/0000006026_22390.jpg@200w_200h_90Q',3.00,0,'50g',0,'旺旺挑豆50.0g',200,'旺旺挑豆50.0g',3),(200,'康师傅3+2苏打夹心香草巧克力味125.0g','http://img01.bqstatic.com/upload/goods/000/001/0244/0000010244.jpg@200w_200h_90Q',5.50,0,'125g',0,'康师傅3+2苏打夹心香草巧克力味125.0g',200,'康师傅3+2苏打夹心香草巧克力味125.0g',3),(201,'康师傅妙芙香芋牛奶味96g','http://img01.bqstatic.com/upload/goods/000/000/6089/0000006089.jpg@200w_200h_90Q',6.00,0,'96g',0,'康师傅妙芙香芋牛奶味96g',200,'康师傅妙芙香芋牛奶味96g',3),(202,'好丽友好友趣多汁牛排味45g','http://img01.bqstatic.com/upload/goods/000/000/5311/0000005311.jpg@200w_200h_90Q',4.00,0,'45g',0,'好丽友好友趣多汁牛排味45g',200,'好丽友好友趣多汁牛排味45g',3),(203,'洽洽香瓜子110g','http://img01.bqstatic.com/upload/goods/000/000/4574/0000004574.jpg@200w_200h_90Q',5.00,0,'110g',0,'洽洽香瓜子110g',200,'洽洽香瓜子110g',3),(204,'怡达果丹皮150.0g','http://img01.bqstatic.com/upload/goods/000/000/4041/0000004041.jpg@200w_200h_90Q',8.00,0,'150g',0,'怡达果丹皮150.0g',200,'怡达果丹皮150.0g',3),(205,'乐事大波浪薯片香脆烤鸡翅味40g','http://img01.bqstatic.com/upload/goods/201/602/2414/20160224142258_193211.jpg@200w_200h_90Q',4.50,0,'40g',0,'乐事大波浪薯片香脆烤鸡翅味40g',200,'乐事大波浪薯片香脆烤鸡翅味40g',3),(206,'好丽友可可派6枚180g','http://img01.bqstatic.com/upload/goods/000/000/2227/0000002227.jpg@200w_200h_90Q',12.00,0,'180g',0,'好丽友可可派6枚180g',200,'好丽友可可派6枚180g',3),(207,'新家园烤馍锅巴奶油味63.0g','http://img01.bqstatic.com/upload/goods/000/000/5927/0000005927_99730.jpg@200w_200h_90Q',2.00,0,'63g',0,'新家园烤馍锅巴奶油味63.0g',200,'新家园烤馍锅巴奶油味63.0g',3),(208,'同享九制话梅125g','http://img01.bqstatic.com/upload/goods/000/000/3718/0000003718.jpg@200w_200h_90Q',7.00,0,'125g',0,'同享九制话梅125g',200,'同享九制话梅125g',3),(209,'怡冠园红烧辣面条120.0g','http://img01.bqstatic.com/upload/goods/000/000/7017/0000007017.jpg@200w_200h_90Q',3.60,0,'120g',0,'怡冠园红烧辣面条120.0g',200,'怡冠园红烧辣面条120.0g',3),(210,'奥利奥草莓夹心130g','http://img01.bqstatic.com/upload/goods/000/000/8574/0000008574.jpg@200w_200h_90Q',6.50,0,'130g',0,'奥利奥草莓夹心130g',200,'奥利奥草莓夹心130g',3),(211,'达利园蛋黄派250.0g','http://img01.bqstatic.com/upload/goods/000/000/4247/0000004247.jpg@200w_200h_90Q',8.50,0,'250g',0,'达利园蛋黄派250.0g',200,'达利园蛋黄派250.0g',3),(212,'乐事黑椒牛扒味桶装104.0g','http://img01.bqstatic.com/upload/goods/000/000/5250/0000005250.jpg@200w_200h_90Q',9.00,0,'104g',0,'乐事黑椒牛扒味桶装104.0g',200,'乐事黑椒牛扒味桶装104.0g',3),(213,'好丽友薯愿蜂蜜牛奶味104g','http://img01.bqstatic.com/upload/goods/201/601/2917/20160129175709_722657.jpg@200w_200h_90Q',9.00,0,'104g',0,'好丽友薯愿蜂蜜牛奶味104g',200,'好丽友薯愿蜂蜜牛奶味104g',3),(214,'好丽友脆香烧烤味好多鱼33g','http://img01.bqstatic.com/upload/goods/000/000/3984/0000003984.jpg@200w_200h_90Q',5.00,0,'33g',0,'好丽友脆香烧烤味好多鱼33g',200,'好丽友脆香烧烤味好多鱼33g',3),(215,'徐福记凤梨酥182.0g','http://img01.bqstatic.com/upload/goods/000/000/4638/0000004638.jpg@200w_200h_90Q',10.00,0,'182g',0,'徐福记凤梨酥182.0g',200,'徐福记凤梨酥182.0g',3),(216,'咪咪世界正宗马来西亚风味虾味条82g','http://img01.bqstatic.com/upload/goods/201/607/1216/20160712165650_709702.jpg@200w_200h_90Q',3.00,0,'82g',0,'咪咪世界正宗马来西亚风味虾味条82g',200,'咪咪世界正宗马来西亚风味虾味条82g',3),(217,'乖媳妇野山椒土鸡爪238.0g','http://img01.bqstatic.com/upload/goods/000/000/5285/0000005285_42920.jpg@200w_200h_90Q',14.00,0,'238g',0,'乖媳妇野山椒土鸡爪238.0g',200,'乖媳妇野山椒土鸡爪238.0g',3),(218,'多力多滋烟熏烧烤味玉米片65g','http://img01.bqstatic.com/upload/goods/000/000/9524/0000009524.jpg@200w_200h_90Q',10.00,0,'65g',0,'多力多滋烟熏烧烤味玉米片65g',200,'多力多滋烟熏烧烤味玉米片65g',3),(219,'百醇提拉米苏味48.0g','http://img01.bqstatic.com/upload/goods/000/000/3581/0000003581_44960.jpg@200w_200h_90Q',6.50,0,'48g',0,'百醇提拉米苏味48.0g',200,'百醇提拉米苏味48.0g',3),(220,'鲜引力即食柠檬片16g','http://img01.bqstatic.com/upload/goods/201/604/0716/20160407161741_978226.jpg@200w_200h_90Q',3.00,0,'16g',0,'鲜引力即食柠檬片16g',200,'鲜引力即食柠檬片16g',3),(221,'好丽友Q蒂蛋糕摩卡巧克力味56g','http://img01.bqstatic.com/upload/goods/000/000/4788/0000004788.jpg@200w_200h_90Q',5.00,0,'56g',0,'好丽友Q蒂蛋糕摩卡巧克力味56g',200,'好丽友Q蒂蛋糕摩卡巧克力味56g',3),(222,'伍子醉槟榔25.0g','http://img01.bqstatic.com/upload/goods/000/000/5647/0000005647.jpg@200w_200h_90Q',5.00,0,'25g',0,'伍子醉槟榔25.0g',200,'伍子醉槟榔25.0g',3),(223,'阿尔卑斯棒棒糖牛奶味10g','http://img01.bqstatic.com/upload/goods/000/000/4270/0000004270.jpg@200w_200h_90Q',0.50,0,'10g',0,'阿尔卑斯棒棒糖牛奶味10g',200,'阿尔卑斯棒棒糖牛奶味10g',3),(224,'百醇草莓香草味48g','http://img01.bqstatic.com/upload/goods/000/000/3572/0000003572_20420.jpg@200w_200h_90Q',6.80,0,'48g',0,'百醇草莓香草味48g',200,'百醇草莓香草味48g',3),(225,'好丽友鲜香海苔味好多鱼33g','http://img01.bqstatic.com/upload/goods/000/000/3663/0000003663.jpg@200w_200h_90Q',5.00,0,'33g',0,'好丽友鲜香海苔味好多鱼33g',200,'好丽友鲜香海苔味好多鱼33g',3),(226,'邬辣妈素羊肉串90.0g','http://img01.bqstatic.com/upload/goods/000/006/3092/0000063092_62630.jpg@200w_200h_90Q',3.60,0,'90g',0,'邬辣妈素羊肉串90.0g',200,'邬辣妈素羊肉串90.0g',3),(227,'怡达山楂酪200.0g','http://img01.bqstatic.com/upload/goods/000/000/4048/0000004048_23700.jpg@200w_200h_90Q',10.00,0,'200g',0,'怡达山楂酪200.0g',200,'怡达山楂酪200.0g',3),(228,'乖媳妇风味豆干五香味80.0g','http://img01.bqstatic.com/upload/goods/000/000/8264/0000008264.jpg@200w_200h_90Q',4.00,0,'80g',0,'乖媳妇风味豆干五香味80.0g',200,'乖媳妇风味豆干五香味80.0g',3),(229,'格力高百奇抹茶味50g','http://img01.bqstatic.com/upload/goods/000/000/3969/0000003969.jpg@200w_200h_90Q',6.50,0,'48g',0,'格力高百奇抹茶味50g',200,'格力高百奇抹茶味50g',3),(230,'乖乖脆果草莓炼乳味70.0g','http://img01.bqstatic.com/upload/goods/000/000/8646/0000008646.jpg@200w_200h_90Q',4.80,0,'70g',0,'乖乖脆果草莓炼乳味70.0g',200,'乖乖脆果草莓炼乳味70.0g',3),(231,'乐吧薯片泡菜味50g','http://img01.bqstatic.com/upload/goods/000/001/1949/0000011949_85700.jpg@200w_200h_90Q',2.00,0,'50g',0,'乐吧薯片泡菜味50g',200,'乐吧薯片泡菜味50g',3),(232,'啪啪通烤番茄味虾片85g','http://img01.bqstatic.com/upload/goods/201/609/1418/20160914181725_727527.jpg@200w_200h_90Q',16.80,0,'85g',0,'啪啪通烤番茄味虾片85g',200,'啪啪通烤番茄味虾片85g',3),(233,'小老板经典原味香脆紫菜36g','http://img01.bqstatic.com/upload/goods/000/001/7044/0000017044_88590.jpg@200w_200h_90Q',9.50,0,'36g',0,'小老板经典原味香脆紫菜36g',200,'小老板经典原味香脆紫菜36g',3),(234,'好丽友蛋黄派2枚46g','http://img01.bqstatic.com/upload/goods/000/000/7913/0000007913.jpg@200w_200h_90Q',4.00,0,'46g',0,'好丽友蛋黄派2枚46g',200,'好丽友蛋黄派2枚46g',3),(235,'达利园草莓派250.0g','http://img01.bqstatic.com/upload/goods/000/000/4248/0000004248.jpg@200w_200h_90Q',7.00,0,'250g',0,'达利园草莓派250.0g',200,'达利园草莓派250.0g',3),(236,'好丽友呀土豆蜂蜜黄油味40g','http://img01.bqstatic.com/upload/goods/201/602/2315/20160223153617_075939.jpg@200w_200h_90Q',4.00,0,'40g',0,'好丽友呀土豆蜂蜜黄油味40g',200,'好丽友呀土豆蜂蜜黄油味40g',3),(237,'乖媳妇风味豆干麻辣味80.0g','http://img01.bqstatic.com/upload/goods/000/000/6324/0000006324.jpg@200w_200h_90Q',3.00,0,'80g',0,'乖媳妇风味豆干麻辣味80.0g',200,'乖媳妇风味豆干麻辣味80.0g',3),(238,'邬辣妈蒜蓉素牛排110.0g','http://img01.bqstatic.com/upload/goods/000/006/3065/0000063065_77170.jpg@200w_200h_90Q',4.00,0,'110g',0,'邬辣妈蒜蓉素牛排110.0g',200,'邬辣妈蒜蓉素牛排110.0g',3),(239,'好丽友Q蒂榛子巧克力味6枚168.0g','http://img01.bqstatic.com/upload/goods/000/000/7912/0000007912.jpg@200w_200h_90Q',12.00,0,'168g',0,'好丽友Q蒂榛子巧克力味6枚168.0g',200,'好丽友Q蒂榛子巧克力味6枚168.0g',3),(240,'好丽友蘑古力红豆巧克力味48g','http://img01.bqstatic.com/upload/goods/000/000/3662/0000003662.jpg@200w_200h_90Q',4.50,0,'48g',0,'好丽友蘑古力红豆巧克力味48g',200,'好丽友蘑古力红豆巧克力味48g',3),(241,'益达无糖口香糖清爽西瓜味56g','http://img01.bqstatic.com/upload/goods/201/612/2215/20161222150029_741582.jpg@200w_200h_90Q',10.00,0,'56g',2,'益达无糖口香糖清爽西瓜味56g',200,'益达无糖口香糖清爽西瓜味56g',3),(242,'阿尔卑斯棒棒糖香蕉牛奶味10.5g','http://img01.bqstatic.com/upload/goods/000/000/4271/0000004271.jpg@200w_200h_90Q',0.50,0,'10.5g',0,'阿尔卑斯棒棒糖香蕉牛奶味10.5g',200,'阿尔卑斯棒棒糖香蕉牛奶味10.5g',3),(243,'啪啪通切达奶酪味虾片85g','http://img01.bqstatic.com/upload/goods/201/609/1316/20160913164625_570519.jpg@200w_200h_90Q',16.80,0,'85g',0,'啪啪通切达奶酪味虾片85g',200,'啪啪通切达奶酪味虾片85g',3),(244,'啪啪通咖喱鸡味虾片85g','http://img01.bqstatic.com/upload/goods/201/609/1316/20160913164543_996466.jpg@200w_200h_90Q',15.80,0,'85g',0,'啪啪通咖喱鸡味虾片85g',200,'啪啪通咖喱鸡味虾片85g',3),(245,'好丽友蘑古力榛子巧克力味48g','http://img01.bqstatic.com/upload/goods/000/000/4221/0000004221.jpg@200w_200h_90Q',5.00,0,'48g',0,'好丽友蘑古力榛子巧克力味48g',200,'好丽友蘑古力榛子巧克力味48g',3),(246,'乐事得克萨斯烧烤味45g','http://img01.bqstatic.com/upload/goods/000/000/5935/0000005935_79670.jpg@200w_200h_90Q',4.50,0,'45g',0,'乐事得克萨斯烧烤味45g',200,'乐事得克萨斯烧烤味45g',3),(247,'可比克烧烤味60.0g','http://img01.bqstatic.com/upload/goods/000/000/5325/0000005325.jpg@200w_200h_90Q',4.00,0,'60g',0,'可比克烧烤味60.0g',200,'可比克烧烤味60.0g',3),(248,'乐吧薯片番茄味50g','http://img01.bqstatic.com/upload/goods/000/001/1944/0000011944_69810.jpg@200w_200h_90Q',2.00,0,'50g',0,'乐吧薯片番茄味50g',200,'乐吧薯片番茄味50g',3),(249,'百力滋微辣比萨味65.0g','http://img01.bqstatic.com/upload/goods/000/000/3592/0000003592_92750.jpg@200w_200h_90Q',5.00,0,'65g',0,'百力滋微辣比萨味65.0g',200,'百力滋微辣比萨味65.0g',3),(250,'好丽友多汁牛排味好友趣75g','http://img01.bqstatic.com/upload/goods/201/609/2814/20160928145459_626270.jpg@200w_200h_90Q',6.00,0,'75g',0,'好丽友多汁牛排味好友趣75g',200,'好丽友多汁牛排味好友趣75g',3),(251,'薯愿清新番茄味104.0g','http://img01.bqstatic.com/upload/goods/000/006/2913/0000062913_46030.jpg@200w_200h_90Q',9.00,0,'104g',0,'薯愿清新番茄味104.0g',200,'薯愿清新番茄味104.0g',3),(252,'泡吧小脆芥末味50.0g','http://img01.bqstatic.com/upload/goods/000/000/6038/0000006038.jpg@200w_200h_90Q',3.00,0,'50g',0,'泡吧小脆芥末味50.0g',200,'泡吧小脆芥末味50.0g',3),(253,'乐吧薯片鸡肉味50g','http://img01.bqstatic.com/upload/goods/000/001/1943/0000011943_44390.jpg@200w_200h_90Q',2.00,0,'50g',0,'乐吧薯片鸡肉味50g',200,'乐吧薯片鸡肉味50g',3),(254,'邬辣妈酒鬼鱼香辣味45.0g','http://img01.bqstatic.com/upload/goods/000/006/3090/0000063090_93990.jpg@200w_200h_90Q',4.00,0,'45g',0,'邬辣妈酒鬼鱼香辣味45.0g',200,'邬辣妈酒鬼鱼香辣味45.0g',3),(255,'达利园好吃点核桃酥饼146.0g','http://img01.bqstatic.com/upload/goods/000/000/5680/0000005680.jpg@200w_200h_90Q',5.00,0,'146g',0,'达利园好吃点核桃酥饼146.0g',200,'达利园好吃点核桃酥饼146.0g',3),(256,'好丽友好友趣原味45.0g','http://img01.bqstatic.com/upload/goods/000/000/5937/0000005937_76580.jpg@200w_200h_90Q',4.00,0,'45g',0,'好丽友好友趣原味45.0g',200,'好丽友好友趣原味45.0g',3),(257,'乐事清爽酸奶味70g','http://img01.bqstatic.com/upload/goods/201/607/1518/20160715181343_539262.jpg@200w_200h_90Q',7.00,0,'70g',0,'乐事清爽酸奶味70g',200,'乐事清爽酸奶味70g',3),(258,'乐吧薯片海苔味50.0g','http://img01.bqstatic.com/upload/goods/000/001/1945/0000011945_50340.jpg@200w_200h_90Q',2.00,0,'50g',0,'乐吧薯片海苔味50.0g',200,'乐吧薯片海苔味50.0g',3),(259,'百力滋蓝莓芝士味45.0g','http://img01.bqstatic.com/upload/goods/000/000/3591/0000003591_57910.jpg@200w_200h_90Q',6.00,0,'45g',0,'百力滋蓝莓芝士味45.0g',200,'百力滋蓝莓芝士味45.0g',3),(260,'好丽友好多鱼蜜香鸡翅味33.0g','http://img01.bqstatic.com/upload/goods/000/000/3983/0000003983.jpg@200w_200h_90Q',5.00,0,'33g',0,'好丽友好多鱼蜜香鸡翅味33.0g',200,'好丽友好多鱼蜜香鸡翅味33.0g',3),(261,'好丽友蛋黄派12枚276.0g','http://img01.bqstatic.com/upload/goods/000/000/7875/0000007875.jpg@200w_200h_90Q',21.00,0,'276g',0,'好丽友蛋黄派12枚276.0g',200,'好丽友蛋黄派12枚276.0g',3),(262,'康师傅3+2苏打夹心饼干蓝莓味125.0g','http://img01.bqstatic.com/upload/goods/000/000/8571/0000008571.jpg@200w_200h_90Q',6.00,0,'125g',0,'康师傅3+2苏打夹心饼干蓝莓味125.0g',200,'康师傅3+2苏打夹心饼干蓝莓味125.0g',3),(263,'达利园好吃点榛仁酥饼146.0g','http://img01.bqstatic.com/upload/goods/000/000/5679/0000005679.jpg@200w_200h_90Q',6.00,0,'146g',0,'达利园好吃点榛仁酥饼146.0g',200,'达利园好吃点榛仁酥饼146.0g',3),(264,'达利园法式软面包香奶味360.0g','http://img01.bqstatic.com/upload/goods/000/000/8616/0000008616.jpg@200w_200h_90Q',12.50,0,'360g',0,'达利园法式软面包香奶味360.0g',200,'达利园法式软面包香奶味360.0g',3),(265,'上好佳田园薯片烤肉口味50.0g','http://img01.bqstatic.com/upload/goods/000/000/8558/0000008558.jpg@200w_200h_90Q',4.50,0,'50g',0,'上好佳田园薯片烤肉口味50.0g',200,'上好佳田园薯片烤肉口味50.0g',3),(266,'好丽友呀土豆清新芒果味70g','http://img01.bqstatic.com/upload/goods/201/606/2013/20160620131906_159241.jpg@200w_200h_90Q',6.00,0,'70g',0,'好丽友呀土豆清新芒果味70g',200,'好丽友呀土豆清新芒果味70g',3),(267,'好丽友薯片加勒比烤翅味45.0g','http://img01.bqstatic.com/upload/goods/000/000/9136/0000009136.jpg@200w_200h_90Q',4.50,0,'45g',0,'好丽友薯片加勒比烤翅味45.0g',200,'好丽友薯片加勒比烤翅味45.0g',3),(268,'乖媳妇风味豆干山椒味80.0g','http://img01.bqstatic.com/upload/goods/000/000/8265/0000008265.jpg@200w_200h_90Q',4.00,0,'80g',0,'乖媳妇风味豆干山椒味80.0g',200,'乖媳妇风味豆干山椒味80.0g',3),(269,'能量99棒花生巧克力180.0g','http://img01.bqstatic.com/upload/goods/000/000/2471/0000002471.jpg@200w_200h_90Q',8.00,0,'180g',0,'能量99棒花生巧克力180.0g',200,'能量99棒花生巧克力180.0g',3),(270,'能量99棒香芋180.0g','http://img01.bqstatic.com/upload/goods/000/000/2472/0000002472.jpg@200w_200h_90Q',8.00,0,'180g',0,'能量99棒香芋180.0g',200,'能量99棒香芋180.0g',3),(271,'达利园好吃点杏仁酥饼146.0g','http://img01.bqstatic.com/upload/goods/000/000/6008/0000006008.jpg@200w_200h_90Q',6.00,0,'146g',0,'达利园好吃点杏仁酥饼146.0g',200,'达利园好吃点杏仁酥饼146.0g',3),(272,'乖媳妇风味豆干泡椒味80.0g','http://img01.bqstatic.com/upload/goods/000/000/8266/0000008266.jpg@200w_200h_90Q',4.00,0,'80g',0,'乖媳妇风味豆干泡椒味80.0g',200,'乖媳妇风味豆干泡椒味80.0g',3),(273,'百力滋草莓牛奶味45.0g','http://img01.bqstatic.com/upload/goods/000/000/3595/0000003595_19780.jpg@200w_200h_90Q',5.00,0,'45g',0,'百力滋草莓牛奶味45.0g',200,'百力滋草莓牛奶味45.0g',3),(274,'好丽友Q蒂摩卡巧克力味12枚336.0g','http://img01.bqstatic.com/upload/goods/000/000/7874/0000007874.jpg@200w_200h_90Q',22.00,0,'336g',0,'好丽友Q蒂摩卡巧克力味12枚336.0g',200,'好丽友Q蒂摩卡巧克力味12枚336.0g',3),(275,'好丽友Q蒂榛子巧克力味12枚336.0g','http://img01.bqstatic.com/upload/goods/000/000/7872/0000007872.jpg@200w_200h_90Q',22.00,0,'336g',0,'好丽友Q蒂榛子巧克力味12枚336.0g',200,'好丽友Q蒂榛子巧克力味12枚336.0g',3),(276,'好丽友巧克力派408g','http://img01.bqstatic.com/upload/goods/201/701/0909/20170109095555_270487.jpg@200w_200h_90Q',21.00,0,'408g',0,'好丽友巧克力派408g',200,'好丽友巧克力派408g',3),(277,'达利园好吃点高纤消化饼168.0g','http://img01.bqstatic.com/upload/goods/000/000/5674/0000005674.jpg@200w_200h_90Q',5.50,0,'168g',0,'达利园好吃点高纤消化饼168.0g',200,'达利园好吃点高纤消化饼168.0g',3),(278,'达利园法式软面包香橙味360g','http://img01.bqstatic.com/upload/goods/201/607/1910/20160719105403_020772.jpg@200w_200h_90Q',12.00,0,'360g',0,'达利园法式软面包香橙味360g',200,'达利园法式软面包香橙味360g',3),(279,'徐福记凤梨酥184.0g','http://img01.bqstatic.com/upload/goods/000/000/3216/0000003216.jpg@200w_200h_90Q',10.00,0,'184g',0,'徐福记凤梨酥184.0g',200,'徐福记凤梨酥184.0g',3),(280,'邬辣妈素牛肉丸85.0g','http://img01.bqstatic.com/upload/goods/000/006/3095/0000063095_57820.jpg@200w_200h_90Q',3.60,0,'85g',0,'邬辣妈素牛肉丸85.0g',200,'邬辣妈素牛肉丸85.0g',3),(281,'流口水酸奶棒糖380g','http://img01.bqstatic.com/upload/goods/201/612/0217/20161202171149_405732.jpg@200w_200h_90Q',10.00,0,'380g',0,'流口水酸奶棒糖380g',200,'流口水酸奶棒糖380g',3),(282,'格力高百醇柠檬挞味48g','http://img01.bqstatic.com/upload/goods/201/608/3017/20160830175528_450339.jpg@200w_200h_90Q',6.50,0,'48g',0,'格力高百醇柠檬挞味48g',200,'格力高百醇柠檬挞味48g',3),(283,'百力滋微辣虾味65.0g','http://img01.bqstatic.com/upload/goods/000/000/3589/0000003589_11980.jpg@200w_200h_90Q',6.00,0,'65g',0,'百力滋微辣虾味65.0g',200,'百力滋微辣虾味65.0g',3),(284,'百力滋抹茶香草味45.0g','http://img01.bqstatic.com/upload/goods/000/000/3594/0000003594_93440.jpg@200w_200h_90Q',5.00,0,'45g',0,'百力滋抹茶香草味45.0g',200,'百力滋抹茶香草味45.0g',3),(285,'百奇蜜桃味55.0g','http://img01.bqstatic.com/upload/goods/000/000/3587/0000003587_30690.jpg@200w_200h_90Q',6.00,0,'55g',0,'百奇蜜桃味55.0g',200,'百奇蜜桃味55.0g',3),(286,'巴拿米蔓越莓西饼170g','http://img01.bqstatic.com/upload/goods/000/000/6423/0000006423.jpg@200w_200h_90Q',12.00,0,'170g',0,'巴拿米蔓越莓西饼170g',200,'巴拿米蔓越莓西饼170g',3),(287,'好丽友提拉米苏12枚276.0g','http://img01.bqstatic.com/upload/goods/000/000/7880/0000007880.jpg@200w_200h_90Q',22.00,0,'276g',0,'好丽友提拉米苏12枚276.0g',200,'好丽友提拉米苏12枚276.0g',3),(288,'达利园法式软面包香奶味160.0g','http://img01.bqstatic.com/upload/goods/000/000/8614/0000008614.jpg@200w_200h_90Q',6.00,0,'160g',0,'达利园法式软面包香奶味160.0g',200,'达利园法式软面包香奶味160.0g',3),(289,'可比克番茄味60.0g','http://img01.bqstatic.com/upload/goods/000/000/5318/0000005318.jpg@200w_200h_90Q',4.00,0,'60g',0,'可比克番茄味60.0g',200,'可比克番茄味60.0g',3),(290,'泡吧小脆番茄味50.0g','http://img01.bqstatic.com/upload/goods/000/000/6037/0000006037.jpg@200w_200h_90Q',3.00,0,'50g',0,'泡吧小脆番茄味50.0g',200,'泡吧小脆番茄味50.0g',3),(291,'乐吧薯片洋香葱味50.0g','http://img01.bqstatic.com/upload/goods/000/001/1946/0000011946_58080.jpg@200w_200h_90Q',2.00,0,'50g',0,'乐吧薯片洋香葱味50.0g',200,'乐吧薯片洋香葱味50.0g',3),(292,'洽洽喀吱脆珍品原味45g','http://img01.bqstatic.com/upload/goods/201/603/2616/20160326161613_846034.jpg@200w_200h_90Q',4.20,0,'45g',0,'洽洽喀吱脆珍品原味45g',200,'洽洽喀吱脆珍品原味45g',3),(293,'格力高百奇超细草莓味饼干55g','http://img01.bqstatic.com/upload/goods/201/608/3017/20160830174317_617743.jpg@200w_200h_90Q',6.50,0,'55g',0,'格力高百奇超细草莓味饼干55g',200,'格力高百奇超细草莓味饼干55g',3),(294,'奥利奥抹茶味106.0g','http://img01.bqstatic.com/upload/goods/000/000/6277/0000006277.jpg@200w_200h_90Q',6.50,0,'106g',0,'奥利奥抹茶味106.0g',200,'奥利奥抹茶味106.0g',3),(295,'奥利奥金装香草慕斯味饼干106.0g','http://img01.bqstatic.com/upload/goods/000/000/9124/0000009124.jpg@200w_200h_90Q',7.00,0,'106g',0,'奥利奥金装香草慕斯味饼干106.0g',200,'奥利奥金装香草慕斯味饼干106.0g',3),(296,'好丽友呀土豆香焗原味70g','http://img01.bqstatic.com/upload/goods/000/000/7896/0000007896.jpg@200w_200h_90Q',6.00,0,'70g',0,'好丽友呀土豆香焗原味70g',200,'好丽友呀土豆香焗原味70g',3),(297,'好丽友薯愿沁翠沙拉味薯片104g','http://img01.bqstatic.com/upload/goods/201/609/1214/20160912144434_042321.jpg@200w_200h_90Q',9.00,0,'104g',0,'好丽友薯愿沁翠沙拉味薯片104g',200,'好丽友薯愿沁翠沙拉味薯片104g',3),(298,'薯愿薯片烤鸡沙拉味104.0g','http://img01.bqstatic.com/upload/goods/000/000/2413/0000002413.jpg@200w_200h_90Q',9.00,0,'104g',0,'薯愿薯片烤鸡沙拉味104.0g',200,'薯愿薯片烤鸡沙拉味104.0g',3),(299,'乐吧薯片烤牛排味50.0g','http://img01.bqstatic.com/upload/goods/000/001/1950/0000011950_07840.jpg@200w_200h_90Q',2.00,0,'50g',0,'乐吧薯片烤牛排味50.0g',200,'乐吧薯片烤牛排味50.0g',3),(300,'乐吧薯片芝士味50.0g','http://img01.bqstatic.com/upload/goods/000/001/1947/0000011947_38410.jpg@200w_200h_90Q',2.00,0,'50g',0,'乐吧薯片芝士味50.0g',200,'乐吧薯片芝士味50.0g',3),(301,'乐吧薯片鲜虾味50.0g','http://img01.bqstatic.com/upload/goods/000/001/1951/0000011951_63930.jpg@200w_200h_90Q',2.00,0,'50g',0,'乐吧薯片鲜虾味50.0g',200,'乐吧薯片鲜虾味50.0g',3),(302,'康师傅3+2葱香奶油125.0g','http://img01.bqstatic.com/upload/goods/000/000/2405/0000002405.jpg@200w_200h_90Q',5.00,0,'125g',0,'康师傅3+2葱香奶油125.0g',200,'康师傅3+2葱香奶油125.0g',3),(303,'格力高百力滋奶咖味50.0g','http://img01.bqstatic.com/upload/goods/000/000/3972/0000003972.jpg@200w_200h_90Q',5.00,0,'50g',0,'格力高百力滋奶咖味50.0g',200,'格力高百力滋奶咖味50.0g',3),(304,'格力高百力滋蓝莓芝士味45g','http://img01.bqstatic.com/upload/goods/000/000/3591/0000003591_57910.jpg@200w_200h_90Q',6.00,0,'45g',0,'格力高百力滋蓝莓芝士味45g',200,'格力高百力滋蓝莓芝士味45g',3),(305,'百力滋奶油香草味45.0g','http://img01.bqstatic.com/upload/goods/000/000/3590/0000003590_13280.jpg@200w_200h_90Q',5.00,0,'45g',0,'百力滋奶油香草味45.0g',200,'百力滋奶油香草味45.0g',3),(306,'达利园好吃点低糖海苔饼130.0g','http://img01.bqstatic.com/upload/goods/000/001/1538/0000011538_41480.jpg@200w_200h_90Q',4.50,0,'130g',0,'达利园好吃点低糖海苔饼130.0g',200,'达利园好吃点低糖海苔饼130.0g',3),(307,'达利园好吃点香脆腰果饼208.0g','http://img01.bqstatic.com/upload/goods/000/000/9108/0000009108.jpg@200w_200h_90Q',8.00,0,'208g',0,'达利园好吃点香脆腰果饼208.0g',200,'达利园好吃点香脆腰果饼208.0g',3),(308,'好丽友呀土豆滋香烤鸡味40.0g','http://img01.bqstatic.com/upload/goods/000/000/9133/0000009133.jpg@200w_200h_90Q',4.00,0,'40g',0,'好丽友呀土豆滋香烤鸡味40.0g',200,'好丽友呀土豆滋香烤鸡味40.0g',3),(309,'好丽友好友趣大凹凸醇香番茄味45.0g','http://img01.bqstatic.com/upload/goods/000/000/7889/0000007889.jpg@200w_200h_90Q',4.00,0,'45g',0,'好丽友好友趣大凹凸醇香番茄味45.0g',200,'好丽友好友趣大凹凸醇香番茄味45.0g',3),(310,'可比克薯片原味60.0g','http://img01.bqstatic.com/upload/goods/000/000/4931/0000004931.jpg@200w_200h_90Q',4.00,0,'60g',0,'可比克薯片原味60.0g',200,'可比克薯片原味60.0g',3),(311,'可比克薯片烧烤105.0g','http://img01.bqstatic.com/upload/goods/000/000/4932/0000004932.jpg@200w_200h_90Q',9.00,0,'105g',0,'可比克薯片烧烤105.0g',200,'可比克薯片烧烤105.0g',3),(312,'可比克薯片番茄味105.0g','http://img01.bqstatic.com/upload/goods/000/000/9167/0000009167.jpg@200w_200h_90Q',9.00,0,'105g',0,'可比克薯片番茄味105.0g',200,'可比克薯片番茄味105.0g',3),(313,'乐吧薯片芥末味30.0g','http://img01.bqstatic.com/upload/goods/000/001/1953/0000011953_02780.jpg@200w_200h_90Q',2.00,0,'30g',0,'乐吧薯片芥末味30.0g',200,'乐吧薯片芥末味30.0g',3),(314,'邬辣妈脆皮香干90.0g','http://img01.bqstatic.com/upload/goods/201/602/2315/20160223153103_719543.jpg@200w_200h_90Q',3.60,0,'90g',0,'邬辣妈脆皮香干90.0g',200,'邬辣妈脆皮香干90.0g',3),(315,'益达木糖醇冰凉薄荷56g','http://img01.bqstatic.com/upload/goods/201/612/2214/20161222145223_521070.jpg@200w_200h_90Q',10.00,0,'56g',0,'益达木糖醇冰凉薄荷56g',200,'益达木糖醇冰凉薄荷56g',3),(316,'绿箭冰柠薄荷味无糖薄荷糖23.8g','http://img01.bqstatic.com/upload/goods/000/000/5988/0000005988.jpg@200w_200h_90Q',9.50,0,'1盒',0,'绿箭冰柠薄荷味无糖薄荷糖23.8g',200,'绿箭冰柠薄荷味无糖薄荷糖23.8g',3),(317,'格力高百奇牛奶草莓味45.0g','http://img01.bqstatic.com/upload/goods/000/000/3968/0000003968.jpg@200w_200h_90Q',6.00,0,'45g',0,'格力高百奇牛奶草莓味45.0g',200,'格力高百奇牛奶草莓味45.0g',3),(318,'格力高百奇蓝莓树莓味55.0g','http://img01.bqstatic.com/upload/goods/000/000/3970/0000003970.jpg@200w_200h_90Q',6.00,0,'55g',0,'格力高百奇蓝莓树莓味55.0g',200,'格力高百奇蓝莓树莓味55.0g',3),(319,'雀巢脆脆鲨花生夹心威化640g','http://img01.bqstatic.com/upload/goods/201/612/2811/20161228110842_023659.jpg@200w_200h_90Q',32.00,0,'640g',0,'雀巢脆脆鲨花生夹心威化640g',200,'雀巢脆脆鲨花生夹心威化640g',3),(320,'巴拿米扁桃仁巧克力西饼150g','http://img01.bqstatic.com/upload/goods/000/000/6424/0000006424.jpg@200w_200h_90Q',12.00,0,'150g',0,'巴拿米扁桃仁巧克力西饼150g',200,'巴拿米扁桃仁巧克力西饼150g',3),(321,'好丽友巧克力派46.0g','http://img01.bqstatic.com/upload/goods/000/000/4792/0000004792.jpg@200w_200h_90Q',4.00,0,'46g',0,'好丽友巧克力派46.0g',200,'好丽友巧克力派46.0g',3),(322,'达利园好吃点高纤消化饼110.0g','http://img01.bqstatic.com/upload/goods/000/000/5677/0000005677.jpg@200w_200h_90Q',3.50,0,'110g',0,'达利园好吃点高纤消化饼110.0g',200,'达利园好吃点高纤消化饼110.0g',3),(323,'达利园好吃点高纤粗粮饼110.0g','http://img01.bqstatic.com/upload/goods/000/000/5676/0000005676.jpg@200w_200h_90Q',3.50,0,'110g',0,'达利园好吃点高纤粗粮饼110.0g',200,'达利园好吃点高纤粗粮饼110.0g',3),(324,'达利园瑞士卷草莓味160.0g','http://img01.bqstatic.com/upload/goods/000/000/4245/0000004245.jpg@200w_200h_90Q',7.00,0,'160g',0,'达利园瑞士卷草莓味160.0g',200,'达利园瑞士卷草莓味160.0g',3),(325,'好丽友呀土豆里脊牛排味40.0g','http://img01.bqstatic.com/upload/goods/000/000/6292/0000006292.jpg@200w_200h_90Q',4.00,0,'40g',0,'好丽友呀土豆里脊牛排味40.0g',200,'好丽友呀土豆里脊牛排味40.0g',3),(326,'好丽友呀土豆香焗原味40.0g','http://img01.bqstatic.com/upload/goods/000/000/5938/0000005938_09080.jpg@200w_200h_90Q',4.00,0,'40g',0,'好丽友呀土豆香焗原味40.0g',200,'好丽友呀土豆香焗原味40.0g',3),(327,'好丽友好友趣大凹凸醇香番茄味75.0g','http://img01.bqstatic.com/upload/goods/000/000/7908/0000007908.jpg@200w_200h_90Q',6.00,0,'75g',0,'好丽友好友趣大凹凸醇香番茄味75.0g',200,'好丽友好友趣大凹凸醇香番茄味75.0g',3),(328,'怡冠园蒜蓉辣面片120.0g','http://img01.bqstatic.com/upload/goods/000/000/7020/0000007020.jpg@200w_200h_90Q',3.60,0,'120g',0,'怡冠园蒜蓉辣面片120.0g',200,'怡冠园蒜蓉辣面片120.0g',3),(329,'怡冠园韩国烤香干85.0g','http://img01.bqstatic.com/upload/goods/000/000/7016/0000007016.jpg@200w_200h_90Q',3.60,0,'85g',0,'怡冠园韩国烤香干85.0g',200,'怡冠园韩国烤香干85.0g',3),(330,'益达木糖醇无糖口香糖冰泡泡薄荷味56g','http://img01.bqstatic.com/upload/goods/201/612/2215/20161222152826_022366.jpg@200w_200h_90Q',10.00,0,'56g',0,'益达木糖醇无糖口香糖冰泡泡薄荷味56g',200,'益达木糖醇无糖口香糖冰泡泡薄荷味56g',3),(331,'绿箭脆皮软心薄荷糖柠檬味40g','http://img01.bqstatic.com/upload/goods/201/610/1316/20161013160648_508623.jpg@200w_200h_90Q',5.00,0,'40g',0,'绿箭脆皮软心薄荷糖柠檬味40g',200,'绿箭脆皮软心薄荷糖柠檬味40g',3),(332,'小老板紫菜海鲜味36g','http://img01.bqstatic.com/upload/goods/000/000/3339/0000003339.jpg@200w_200h_90Q',15.00,0,'36g',0,'小老板紫菜海鲜味36g',200,'小老板紫菜海鲜味36g',3),(333,'康师傅3+2酥松夹心饼干草莓牛奶味118.0g','http://img01.bqstatic.com/upload/goods/000/000/8242/0000008242.jpg@200w_200h_90Q',6.00,0,'118g',0,'康师傅3+2酥松夹心饼干草莓牛奶味118.0g',200,'康师傅3+2酥松夹心饼干草莓牛奶味118.0g',3),(334,'康师傅榛子巧克力味甜酥夹心饼干96.0g','http://img01.bqstatic.com/upload/goods/000/001/5519/0000015519_55320.jpg@200w_200h_90Q',5.00,0,'96g',0,'康师傅榛子巧克力味甜酥夹心饼干96.0g',200,'康师傅榛子巧克力味甜酥夹心饼干96.0g',3),(335,'格力高百奇巧克力味48.0g','http://img01.bqstatic.com/upload/goods/000/000/3964/0000003964.jpg@200w_200h_90Q',6.00,0,'48g',0,'格力高百奇巧克力味48.0g',200,'格力高百奇巧克力味48.0g',3),(336,'王子饼干牛奶味120.0g','http://img01.bqstatic.com/upload/goods/000/000/2313/0000002313.jpg@200w_200h_90Q',6.00,0,'120g',0,'王子饼干牛奶味120.0g',200,'王子饼干牛奶味120.0g',3),(337,'达利园好吃点香脆杏仁饼208.0g','http://img01.bqstatic.com/upload/goods/000/000/9110/0000009110.jpg@200w_200h_90Q',7.00,0,'208g',0,'达利园好吃点香脆杏仁饼208.0g',200,'达利园好吃点香脆杏仁饼208.0g',3),(338,'达利园好吃点高纤煎麸饼168.0g','http://img01.bqstatic.com/upload/goods/000/000/5675/0000005675.jpg@200w_200h_90Q',5.50,0,'168g',0,'达利园好吃点高纤煎麸饼168.0g',200,'达利园好吃点高纤煎麸饼168.0g',3),(339,'达利园好吃点高纤蔬菜饼168.0g','http://img01.bqstatic.com/upload/goods/000/000/9113/0000009113.jpg@200w_200h_90Q',6.50,0,'168g',0,'达利园好吃点高纤蔬菜饼168.0g',200,'达利园好吃点高纤蔬菜饼168.0g',3),(340,'上好佳薯片经典原味90.0g','http://img01.bqstatic.com/upload/goods/000/000/5371/0000005371.jpg@200w_200h_90Q',6.00,0,'90g',0,'上好佳薯片经典原味90.0g',200,'上好佳薯片经典原味90.0g',3),(341,'洽洽喀吱脆薯片麻辣香锅味51.0g','http://img01.bqstatic.com/upload/goods/000/000/7980/0000007980.jpg@200w_200h_90Q',3.00,0,'51g',0,'洽洽喀吱脆薯片麻辣香锅味51.0g',200,'洽洽喀吱脆薯片麻辣香锅味51.0g',3),(342,'乐事海盐芝士味桶装104.0g','http://img01.bqstatic.com/upload/goods/000/000/5248/0000005248.jpg@200w_200h_90Q',9.00,0,'104g',0,'乐事海盐芝士味桶装104.0g',200,'乐事海盐芝士味桶装104.0g',3),(343,'旺旺雪饼520.0g','http://img01.bqstatic.com/upload/goods/000/000/8451/0000008451.jpg@200w_200h_90Q',23.50,0,'520g',0,'旺旺雪饼520.0g',200,'旺旺雪饼520.0g',3),(344,'可比克牛肉味60.0g','http://img01.bqstatic.com/upload/goods/000/000/5323/0000005323.jpg@200w_200h_90Q',4.00,0,'60g',0,'可比克牛肉味60.0g',200,'可比克牛肉味60.0g',3),(345,'可比克薯片原滋味105.0g','http://img01.bqstatic.com/upload/goods/000/006/2900/0000062900_14050.jpg@200w_200h_90Q',9.00,0,'105g',0,'可比克薯片原滋味105.0g',200,'可比克薯片原滋味105.0g',3),(346,'可比克薯片香辣味105.0g','http://img01.bqstatic.com/upload/goods/000/001/0705/0000010705.jpg@200w_200h_90Q',9.00,0,'105g',0,'可比克薯片香辣味105.0g',200,'可比克薯片香辣味105.0g',3),(347,'可比克香辣味60.0g','http://img01.bqstatic.com/upload/goods/000/000/5328/0000005328.jpg@200w_200h_90Q',4.00,0,'60g',0,'可比克香辣味60.0g',200,'可比克香辣味60.0g',3),(348,'可比克香辣味薯片110.0g','http://img01.bqstatic.com/upload/goods/000/000/5329/0000005329.jpg@200w_200h_90Q',8.00,0,'110g',0,'可比克香辣味薯片110.0g',200,'可比克香辣味薯片110.0g',3),(349,'可比克鸡肉味60.0g','http://img01.bqstatic.com/upload/goods/000/000/5320/0000005320.jpg@200w_200h_90Q',4.00,0,'60g',0,'可比克鸡肉味60.0g',200,'可比克鸡肉味60.0g',3),(350,'乐吧薯片洋香葱味30.0g','http://img01.bqstatic.com/upload/goods/000/001/1958/0000011958_59270.jpg@200w_200h_90Q',2.00,0,'30g',0,'乐吧薯片洋香葱味30.0g',200,'乐吧薯片洋香葱味30.0g',3),(351,'九日牌哈密瓜年糕条110g','http://img01.bqstatic.com/upload/goods/201/611/1617/20161116170746_961610.jpg@200w_200h_90Q',10.00,0,'110g',0,'九日牌哈密瓜年糕条110g',200,'九日牌哈密瓜年糕条110g',3),(352,'九日牌草莓味糯米脆条110g','http://img01.bqstatic.com/upload/goods/201/611/1617/20161116170924_790947.jpg@200w_200h_90Q',10.00,0,'110g',0,'九日牌草莓味糯米脆条110g',200,'九日牌草莓味糯米脆条110g',3),(353,'同享九制话梅35.0g','http://img01.bqstatic.com/upload/goods/000/000/5897/0000005897_92840.jpg@200w_200h_90Q',3.00,0,'35g',0,'同享九制话梅35.0g',200,'同享九制话梅35.0g',3),(354,'博发五香猪蹄200.0g','http://img01.bqstatic.com/upload/goods/000/000/2739/0000002739.jpg@200w_200h_90Q',12.00,0,'200g',0,'博发五香猪蹄200.0g',200,'博发五香猪蹄200.0g',3),(355,'益达木糖醇无糖口香糖冰柠薄荷味56g','http://img01.bqstatic.com/upload/goods/201/612/2215/20161222152639_780558.jpg@200w_200h_90Q',10.00,0,'56g',0,'益达木糖醇无糖口香糖冰柠薄荷味56g',200,'益达木糖醇无糖口香糖冰柠薄荷味56g',3),(356,'好丽友木糖醇3热带水果味101.0g','http://img01.bqstatic.com/upload/goods/000/000/7914/0000007914.jpg@200w_200h_90Q',16.00,0,'101g',0,'好丽友木糖醇3热带水果味101.0g',200,'好丽友木糖醇3热带水果味101.0g',3),(357,'格力高百奇牛奶蓝莓味45.0g','http://img01.bqstatic.com/upload/goods/000/000/3966/0000003966.jpg@200w_200h_90Q',6.00,0,'45g',0,'格力高百奇牛奶蓝莓味45.0g',200,'格力高百奇牛奶蓝莓味45.0g',3),(358,'百力滋海苔味60.0g','http://img01.bqstatic.com/upload/goods/000/000/3593/0000003593_55590.jpg@200w_200h_90Q',5.00,0,'60g',0,'百力滋海苔味60.0g',200,'百力滋海苔味60.0g',3),(359,'百力滋色拉味65.0g','http://img01.bqstatic.com/upload/goods/000/000/8556/0000008556.jpg@200w_200h_90Q',6.00,0,'65g',0,'百力滋色拉味65.0g',200,'百力滋色拉味65.0g',3),(360,'巴拿米欧式摩卡西饼170g','http://img01.bqstatic.com/upload/goods/000/000/6426/0000006426.jpg@200w_200h_90Q',12.00,0,'170g',0,'巴拿米欧式摩卡西饼170g',200,'巴拿米欧式摩卡西饼170g',3),(361,'巴拿米燕麦五谷西饼170g','http://img01.bqstatic.com/upload/goods/000/000/6427/0000006427.jpg@200w_200h_90Q',12.00,0,'170g',0,'巴拿米燕麦五谷西饼170g',200,'巴拿米燕麦五谷西饼170g',3),(362,'达利园好吃点高纤煎麸饼110.0g','http://img01.bqstatic.com/upload/goods/000/000/5678/0000005678.jpg@200w_200h_90Q',3.50,0,'110g',0,'达利园好吃点高纤煎麸饼110.0g',200,'达利园好吃点高纤煎麸饼110.0g',3),(363,'洽洽喀吱脆薯片葱香烤翅味51.0g','http://img01.bqstatic.com/upload/goods/000/000/7978/0000007978.jpg@200w_200h_90Q',3.00,0,'51g',0,'洽洽喀吱脆薯片葱香烤翅味51.0g',200,'洽洽喀吱脆薯片葱香烤翅味51.0g',3),(364,'乐事无限海盐巧克力味104.0g','http://img01.bqstatic.com/upload/goods/000/000/7873/0000007873.jpg@200w_200h_90Q',9.00,0,'104g',0,'乐事无限海盐巧克力味104.0g',200,'乐事无限海盐巧克力味104.0g',3),(365,'好丽友呀土豆清新芒果味40g','http://img01.bqstatic.com/upload/goods/201/606/2317/20160623170443_292333.jpg@200w_200h_90Q',4.00,0,'40g',11,'好丽友呀土豆清新芒果味40g',200,'好丽友呀土豆清新芒果味40g',3),(366,'好丽友好友趣香沁薯泥沙拉味凹凸薯片75.0g','http://img01.bqstatic.com/upload/goods/000/000/7905/0000007905.jpg@200w_200h_90Q',5.50,0,'75g',0,'好丽友好友趣香沁薯泥沙拉味凹凸薯片75.0g',200,'好丽友好友趣香沁薯泥沙拉味凹凸薯片75.0g',3),(367,'可比克原滋味110.0g','http://img01.bqstatic.com/upload/goods/000/000/5339/0000005339.jpg@200w_200h_90Q',7.00,0,'110g',0,'可比克原滋味110.0g',200,'可比克原滋味110.0g',3),(368,'可比克意大利香浓红烩味105.0g','http://img01.bqstatic.com/upload/goods/000/000/9168/0000009168.jpg@200w_200h_90Q',9.00,0,'105g',0,'可比克意大利香浓红烩味105.0g',200,'可比克意大利香浓红烩味105.0g',3),(369,'可比克薯片牛肉味105.0g','http://img01.bqstatic.com/upload/goods/000/001/0704/0000010704.jpg@200w_200h_90Q',9.00,0,'105g',6,'可比克薯片牛肉味105.0g',200,'可比克薯片牛肉味105.0g',3),(370,'可比克薯片番茄味110.0g','http://img01.bqstatic.com/upload/goods/000/000/9086/0000009086.jpg@200w_200h_90Q',9.00,0,'110g',0,'可比克薯片番茄味110.0g',200,'可比克薯片番茄味110.0g',3),(371,'乐吧薯片烧烤味30.0','http://img01.bqstatic.com/upload/goods/000/001/1952/0000011952_60230.jpg@200w_200h_90Q',2.00,0,'30其他',21,'乐吧薯片烧烤味30.0',198,'乐吧薯片烧烤味30.0',3),(372,'乐吧薯片鸡肉味30.0g','http://img01.bqstatic.com/upload/goods/000/001/1954/0000011954_10320.jpg@200w_200h_90Q',2.00,0,'30g',64,'乐吧薯片鸡肉味30.0g',200,'乐吧薯片鸡肉味30.0g',3),(373,'味全每日C橙汁300ml','http://img01.bqstatic.com/upload/goods/201/604/0711/20160407110221_611797.jpg@200w_200h_90Q',6.50,0,'300ml',0,'味全每日C橙汁300ml',50,'味全每日C橙汁300ml',4),(374,'格桑泉天然饮用水550ml','http://img01.bqstatic.com/upload/goods/201/703/2010/20170320104049_036578.jpg@200w_200h_90Q',3.00,0,'550ml',0,'格桑泉天然饮用水550ml',50,'格桑泉天然饮用水550ml',4),(375,'「可口可乐」汽水330ml','http://img01.bqstatic.com/upload/goods/000/000/2198/0000002198.jpg@200w_200h_90Q',3.00,0,'330ml',0,'「可口可乐」汽水330ml',200,'「可口可乐」汽水330ml',4),(376,'农夫山泉饮用天然水550ml','http://img01.bqstatic.com/upload/goods/000/000/4217/0000004217.jpg@200w_200h_90Q',2.00,0,'550ml',0,'农夫山泉饮用天然水550ml',200,'农夫山泉饮用天然水550ml',4),(377,'农夫山泉饮用天然水4L','http://img01.bqstatic.com/upload/goods/000/000/8667/0000008667.jpg@200w_200h_90Q',8.50,0,'4L',0,'农夫山泉饮用天然水4L',200,'农夫山泉饮用天然水4L',4),(378,'「可口可乐」零度汽水500ml','http://img01.bqstatic.com/upload/goods/000/000/4318/0000004318.jpg@200w_200h_90Q',3.00,0,'500ml',0,'「可口可乐」零度汽水500ml',200,'「可口可乐」零度汽水500ml',4),(379,'怡宝饮用纯净水4.5L/桶','http://img01.bqstatic.com/upload/goods/000/000/3707/0000003707.jpg@200w_200h_90Q',10.00,0,'4.5L',0,'怡宝饮用纯净水4.5L/桶',200,'怡宝饮用纯净水4.5L/桶',4),(380,'燕京啤酒瓶装（不含瓶押金）600ml','http://img01.bqstatic.com/upload/goods/000/000/5544/0000005544.jpg@200w_200h_90Q',3.00,0,'600ml',0,'燕京啤酒瓶装（不含瓶押金）600ml',200,'燕京啤酒瓶装（不含瓶押金）600ml',4),(381,'「可口可乐」汽水600ml','http://img01.bqstatic.com/upload/goods/000/000/4560/0000004560.jpg@200w_200h_90Q',3.00,0,'600ml',0,'「可口可乐」汽水600ml',200,'「可口可乐」汽水600ml',4),(382,'北冰洋橙汁汽水330ml','http://img01.bqstatic.com/upload/goods/000/000/2441/0000002441.jpg@200w_200h_90Q',5.00,0,'330ml',0,'北冰洋橙汁汽水330ml',200,'北冰洋橙汁汽水330ml',4),(383,'农夫山泉饮用天然水1.5L','http://img01.bqstatic.com/upload/goods/000/000/8627/0000008627.jpg@200w_200h_90Q',4.00,0,'1.5L',0,'农夫山泉饮用天然水1.5L',200,'农夫山泉饮用天然水1.5L',4),(384,'怡宝饮用纯净水555ml','http://img01.bqstatic.com/upload/goods/000/000/4115/0000004115.jpg@200w_200h_90Q',2.00,0,'555ml',0,'怡宝饮用纯净水555ml',200,'怡宝饮用纯净水555ml',4),(385,'哈尔滨小麦王啤酒（听装）500ml','http://img01.bqstatic.com/upload/goods/000/001/1833/0000011833_25980.jpg@200w_200h_90Q',5.00,0,'500ml',0,'哈尔滨小麦王啤酒（听装）500ml',200,'哈尔滨小麦王啤酒（听装）500ml',4),(386,'燕京啤酒330ml','http://img01.bqstatic.com/upload/goods/000/000/2179/0000002179.jpg@200w_200h_90Q',3.00,0,'330ml',0,'燕京啤酒330ml',200,'燕京啤酒330ml',4),(387,'红牛维生素功能饮料250ml','http://img01.bqstatic.com/upload/goods/000/009/3440/0000093440_39540.jpg@200w_200h_90Q',6.00,0,'250ml',0,'红牛维生素功能饮料250ml',200,'红牛维生素功能饮料250ml',4),(388,'维他柠檬茶250.0ml*6包','http://img01.bqstatic.com/upload/goods/000/001/0474/0000010474.jpg@200w_200h_90Q',20.00,0,'250ml*6包',0,'维他柠檬茶250.0ml*6包',200,'维他柠檬茶250.0ml*6包',4),(389,'哈尔滨小麦王啤酒330ml','http://img01.bqstatic.com/upload/goods/000/001/5472/0000015472_31290.jpg@200w_200h_90Q',3.00,0,'330ml',0,'哈尔滨小麦王啤酒330ml',200,'哈尔滨小麦王啤酒330ml',4),(390,'怡宝饮用纯净水1.55L','http://img01.bqstatic.com/upload/goods/000/000/8706/0000008706.jpg@200w_200h_90Q',4.00,0,'1.55L',0,'怡宝饮用纯净水1.55L',200,'怡宝饮用纯净水1.55L',4),(391,'雪花啤酒勇闯天涯听装500ml','http://img01.bqstatic.com/upload/goods/000/009/0326/0000090326_85980.jpg@200w_200h_90Q',6.00,0,'500ml',0,'雪花啤酒勇闯天涯听装500ml',200,'雪花啤酒勇闯天涯听装500ml',4),(392,'百岁山矿泉水570ml','http://img01.bqstatic.com/upload/goods/201/610/0911/20161009110838_383964.jpg@200w_200h_90Q',3.00,0,'570ml',0,'百岁山矿泉水570ml',200,'百岁山矿泉水570ml',4),(393,'百事可乐330ml','http://img01.bqstatic.com/upload/goods/201/608/1711/20160817115353_433821.jpg@200w_200h_90Q',2.50,0,'330ml',0,'百事可乐330ml',200,'百事可乐330ml',4),(394,'北冰洋桔汁汽水330ml','http://img01.bqstatic.com/upload/goods/000/001/5447/0000015447_59790.jpg@200w_200h_90Q',4.50,0,'330ml',0,'北冰洋桔汁汽水330ml',200,'北冰洋桔汁汽水330ml',4),(395,'「雪碧」柠檬味汽水330ml','http://img01.bqstatic.com/upload/goods/000/000/2463/0000002463_77050.jpg@200w_200h_90Q',3.00,0,'330ml',0,'「雪碧」柠檬味汽水330ml',200,'「雪碧」柠檬味汽水330ml',4),(396,'「芬达」橙味汽水330ml','http://img01.bqstatic.com/upload/goods/000/000/2400/0000002400.jpg@200w_200h_90Q',2.50,0,'330ml',0,'「芬达」橙味汽水330ml',200,'「芬达」橙味汽水330ml',4),(397,'维他柠檬茶听装310ml','http://img01.bqstatic.com/upload/goods/000/006/6407/0000066407_69070.jpg@200w_200h_90Q',4.00,0,'310ml',0,'维他柠檬茶听装310ml',200,'维他柠檬茶听装310ml',4),(398,'百威啤酒听装500ml','http://img01.bqstatic.com/upload/goods/000/006/5732/0000065732_38430.jpg@200w_200h_90Q',7.00,0,'500ml',0,'百威啤酒听装500ml',200,'百威啤酒听装500ml',4),(399,'「可口可乐」汽水2L','http://img01.bqstatic.com/upload/goods/000/000/4301/0000004301.jpg@200w_200h_90Q',7.00,0,'2L',0,'「可口可乐」汽水2L',200,'「可口可乐」汽水2L',4),(400,'燕京啤酒瓶装（含瓶押金）600ml','http://img01.bqstatic.com/upload/goods/000/000/5545/0000005545.jpg@200w_200h_90Q',3.50,0,'600ml',0,'燕京啤酒瓶装（含瓶押金）600ml',200,'燕京啤酒瓶装（含瓶押金）600ml',4),(401,'雪花清爽听装330ml','http://img01.bqstatic.com/upload/goods/000/000/2172/0000002172.jpg@200w_200h_90Q',3.00,0,'330ml',0,'雪花清爽听装330ml',200,'雪花清爽听装330ml',4),(402,'农夫山泉饮用天然水4L','http://img01.bqstatic.com/upload/goods/000/000/3704/0000003704.jpg@200w_200h_90Q',8.50,0,'4L',0,'农夫山泉饮用天然水4L',200,'农夫山泉饮用天然水4L',4),(403,'东方树叶茉莉花茶500ml','http://img01.bqstatic.com/upload/goods/000/001/5395/0000015395_36580.jpg@200w_200h_90Q',4.00,0,'500ml',0,'东方树叶茉莉花茶500ml',200,'东方树叶茉莉花茶500ml',4),(404,'维他柠檬茶饮料250ml','http://img01.bqstatic.com/upload/goods/000/001/5537/0000015537_19660.jpg@200w_200h_90Q',3.50,0,'250ml',0,'维他柠檬茶饮料250ml',200,'维他柠檬茶饮料250ml',4),(405,'康师傅包装饮用水550ml','http://img01.bqstatic.com/upload/goods/201/702/1511/20170215113313_764950.jpg@200w_200h_90Q',1.00,0,'550ml',0,'康师傅包装饮用水550ml',200,'康师傅包装饮用水550ml',4),(406,'名仁苏打水375ml','http://img01.bqstatic.com/upload/goods/201/610/1310/20161013100229_225111.jpg@200w_200h_90Q',5.00,0,'375ml',0,'名仁苏打水375ml',200,'名仁苏打水375ml',4),(407,'青岛11度听装500ml','http://img01.bqstatic.com/upload/goods/000/000/2254/0000002254.jpg@200w_200h_90Q',7.00,0,'500ml',0,'青岛11度听装500ml',200,'青岛11度听装500ml',4),(408,'统一阿萨姆奶茶500ml','http://img01.bqstatic.com/upload/goods/201/603/3114/20160331144701_654122.jpg@200w_200h_90Q',5.00,0,'500ml',0,'统一阿萨姆奶茶500ml',200,'统一阿萨姆奶茶500ml',4),(409,'脉动维生素水蜜桃口味600ml','http://img01.bqstatic.com/upload/goods/000/000/4568/0000004568.jpg@200w_200h_90Q',4.00,0,'600ml',0,'脉动维生素水蜜桃口味600ml',200,'脉动维生素水蜜桃口味600ml',4),(410,'维他柠檬茶500ml','http://img01.bqstatic.com/upload/goods/000/000/5279/0000005279.jpg@200w_200h_90Q',7.00,0,'500ml',0,'维他柠檬茶500ml',200,'维他柠檬茶500ml',4),(411,'农夫蜜桃乌龙茶茶兀饮料500ml','http://img01.bqstatic.com/upload/goods/201/605/2417/20160524171834_441339.jpg@200w_200h_90Q',6.00,0,'500ml',0,'农夫蜜桃乌龙茶茶兀饮料500ml',200,'农夫蜜桃乌龙茶茶兀饮料500ml',4),(412,'康师傅矿泉水箱550.0ml*24瓶','http://img01.bqstatic.com/upload/goods/000/000/5475/0000005475.jpg@200w_200h_90Q',21.00,0,'550ml*24瓶',0,'康师傅矿泉水箱550.0ml*24瓶',200,'康师傅矿泉水箱550.0ml*24瓶',4),(413,'百岁山饮用天然矿泉水348ml','http://img01.bqstatic.com/upload/goods/201/602/2610/20160226100422_503506.jpg@200w_200h_90Q',3.00,0,'348ml',0,'百岁山饮用天然矿泉水348ml',200,'百岁山饮用天然矿泉水348ml',4),(414,'农夫山泉饮用天然水380ml','http://img01.bqstatic.com/upload/goods/000/001/5586/0000015586_71070.jpg@200w_200h_90Q',1.50,0,'380ml',0,'农夫山泉饮用天然水380ml',200,'农夫山泉饮用天然水380ml',4),(415,'青岛经典啤酒11度330ml','http://img01.bqstatic.com/upload/goods/000/000/2178/0000002178.jpg@200w_200h_90Q',4.70,0,'330ml',0,'青岛经典啤酒11度330ml',200,'青岛经典啤酒11度330ml',4),(416,'名仁苏打水360ml','http://img01.bqstatic.com/upload/goods/000/000/5987/0000005987_07950.jpg@200w_200h_90Q',3.00,0,'360ml',0,'名仁苏打水360ml',200,'名仁苏打水360ml',4),(417,'脉动青柠口味维生素饮料600ml','http://img01.bqstatic.com/upload/goods/000/000/2202/0000002202.jpg@200w_200h_90Q',4.00,0,'600ml',0,'脉动青柠口味维生素饮料600ml',200,'脉动青柠口味维生素饮料600ml',4),(418,'怡宝纯净水箱555.0ml*24瓶','http://img01.bqstatic.com/upload/goods/000/000/5498/0000005498.jpg@200w_200h_90Q',36.00,0,'555ml*24瓶',0,'怡宝纯净水箱555.0ml*24瓶',200,'怡宝纯净水箱555.0ml*24瓶',4),(419,'农夫西柚茉莉花茶茶兀饮料500ml','http://img01.bqstatic.com/upload/goods/201/605/2516/20160525161740_293444.jpg@200w_200h_90Q',5.00,0,'500ml',0,'农夫西柚茉莉花茶茶兀饮料500ml',200,'农夫西柚茉莉花茶茶兀饮料500ml',4),(420,'农夫柚子绿茶茶兀饮料500ml','http://img01.bqstatic.com/upload/goods/201/605/2516/20160525162209_448693.jpg@200w_200h_90Q',5.00,0,'500ml',0,'农夫柚子绿茶茶兀饮料500ml',200,'农夫柚子绿茶茶兀饮料500ml',4),(421,'「雪碧」柠檬味汽水2L','http://img01.bqstatic.com/upload/goods/000/000/4302/0000004302.jpg@200w_200h_90Q',7.00,0,'2L',0,'「雪碧」柠檬味汽水2L',200,'「雪碧」柠檬味汽水2L',4),(422,'康师傅冰红茶1L','http://img01.bqstatic.com/upload/goods/000/000/4900/0000004900.jpg@200w_200h_90Q',4.50,0,'1L',0,'康师傅冰红茶1L',200,'康师傅冰红茶1L',4),(423,'农夫柠檬红茶茶π饮料500ml','http://img01.bqstatic.com/upload/goods/201/605/2417/20160524172025_254195.jpg@200w_200h_90Q',6.00,0,'500ml',0,'农夫柠檬红茶茶π饮料500ml',200,'农夫柠檬红茶茶π饮料500ml',4),(424,'「雪碧」柠檬味汽水600ml','http://img01.bqstatic.com/upload/goods/000/000/4640/0000004640.jpg@200w_200h_90Q',3.00,0,'600ml',0,'「雪碧」柠檬味汽水600ml',200,'「雪碧」柠檬味汽水600ml',4),(425,'农夫山泉饮用天然水4L*6','http://img01.bqstatic.com/upload/goods/201/603/0311/20160303110537_155862.jpg@200w_200h_90Q',48.00,0,'4L*6',0,'农夫山泉饮用天然水4L*6',200,'农夫山泉饮用天然水4L*6',4),(426,'统一绿茶2L','http://img01.bqstatic.com/upload/goods/000/000/2299/0000002299.jpg@200w_200h_90Q',7.00,0,'2L',0,'统一绿茶2L',200,'统一绿茶2L',4),(427,'东方树叶绿茶500ml','http://img01.bqstatic.com/upload/goods/000/001/5397/0000015397_70610.jpg@200w_200h_90Q',4.00,0,'500ml',0,'东方树叶绿茶500ml',200,'东方树叶绿茶500ml',4),(428,'康师傅冰红茶2L','http://img01.bqstatic.com/upload/goods/201/604/1610/20160416100051_887085.jpg@200w_200h_90Q',7.00,0,'2L',0,'康师傅冰红茶2L',200,'康师傅冰红茶2L',4),(429,'汇源100%橙汁1L','http://img01.bqstatic.com/upload/goods/000/000/2385/0000002385_81820.jpg@200w_200h_90Q',15.00,0,'1L',0,'汇源100%橙汁1L',200,'汇源100%橙汁1L',4),(430,'农夫水溶C100柠檬445ml','http://img01.bqstatic.com/upload/goods/000/000/2208/0000002208_39990.jpg@200w_200h_90Q',4.50,0,'445ml',0,'农夫水溶C100柠檬445ml',200,'农夫水溶C100柠檬445ml',4),(431,'健力宝橙蜜味听装330ml','http://img01.bqstatic.com/upload/goods/000/000/2393/0000002393.jpg@200w_200h_90Q',2.50,0,'330ml',0,'健力宝橙蜜味听装330ml',200,'健力宝橙蜜味听装330ml',4),(432,'农夫山泉箱1.5L*12瓶','http://img01.bqstatic.com/upload/goods/000/000/5473/0000005473.jpg@200w_200h_90Q',36.00,0,'1.5L*12瓶',0,'农夫山泉箱1.5L*12瓶',200,'农夫山泉箱1.5L*12瓶',4),(433,'百事可乐2L','http://img01.bqstatic.com/upload/goods/000/000/8839/0000008839.jpg@200w_200h_90Q',7.00,0,'2L',0,'百事可乐2L',200,'百事可乐2L',4),(434,'康师傅茉莉蜜茶1L','http://img01.bqstatic.com/upload/goods/000/000/4918/0000004918_28850.jpg@200w_200h_90Q',4.50,0,'1L',0,'康师傅茉莉蜜茶1L',200,'康师傅茉莉蜜茶1L',4),(435,'统一绿茶茉莉花味500ml','http://img01.bqstatic.com/upload/goods/000/000/8206/0000008206.jpg@200w_200h_90Q',3.00,0,'500ml',0,'统一绿茶茉莉花味500ml',200,'统一绿茶茉莉花味500ml',4),(436,'九龙斋酸梅汤400ml','http://img01.bqstatic.com/upload/goods/000/000/2207/0000002207.jpg@200w_200h_90Q',4.00,0,'400ml',0,'九龙斋酸梅汤400ml',200,'九龙斋酸梅汤400ml',4),(437,'东方树叶乌龙茶500ml','http://img01.bqstatic.com/upload/goods/000/001/5396/0000015396_95440.jpg@200w_200h_90Q',4.00,0,'500ml',0,'东方树叶乌龙茶500ml',200,'东方树叶乌龙茶500ml',4),(438,'「可口可乐」汽水箱装330ml*24听','http://img01.bqstatic.com/upload/goods/201/601/2011/20160120115733_689624.jpg@200w_200h_90Q',55.00,0,'330ml*24听',0,'「可口可乐」汽水箱装330ml*24听',200,'「可口可乐」汽水箱装330ml*24听',4),(439,'统一小茗同学冷泡青柠红茶480ml','http://img01.bqstatic.com/upload/goods/000/001/0471/0000010471.jpg@200w_200h_90Q',5.50,0,'480ml',0,'统一小茗同学冷泡青柠红茶480ml',200,'统一小茗同学冷泡青柠红茶480ml',4),(440,'汇源100%桃汁1L','http://img01.bqstatic.com/upload/goods/000/000/8673/0000008673.jpg@200w_200h_90Q',15.00,0,'1L',0,'汇源100%桃汁1L',200,'汇源100%桃汁1L',4),(441,'碱法荔枝味苏打水500.0ml/瓶','http://img01.bqstatic.com/upload/goods/000/001/5499/0000015499_16600.jpg@200w_200h_90Q',4.00,0,'500ml/瓶',0,'碱法荔枝味苏打水500.0ml/瓶',200,'碱法荔枝味苏打水500.0ml/瓶',4),(442,'统一冰红茶(小)250ml/瓶','http://img01.bqstatic.com/upload/goods/000/001/0473/0000010473.jpg@200w_200h_90Q',1.50,0,'250ml/瓶',0,'统一冰红茶(小)250ml/瓶',200,'统一冰红茶(小)250ml/瓶',4),(443,'农夫山泉箱4.0L*4桶','http://img01.bqstatic.com/upload/goods/000/000/5472/0000005472.jpg@200w_200h_90Q',32.00,0,'4L*4桶',0,'农夫山泉箱4.0L*4桶',200,'农夫山泉箱4.0L*4桶',4),(444,'「雪碧」柠檬味500ml','http://img01.bqstatic.com/upload/goods/000/000/4321/0000004321.jpg@200w_200h_90Q',3.00,0,'500ml',0,'「雪碧」柠檬味500ml',200,'「雪碧」柠檬味500ml',4),(445,'怡宝纯净水箱1.55L*12瓶','http://img01.bqstatic.com/upload/goods/000/000/5494/0000005494.jpg@200w_200h_90Q',36.00,0,'1.55L*12瓶',0,'怡宝纯净水箱1.55L*12瓶',200,'怡宝纯净水箱1.55L*12瓶',4),(446,'农夫山泉饮用天然水5L','http://img01.bqstatic.com/upload/goods/201/612/1316/20161213160931_662671.jpg@200w_200h_90Q',11.00,0,'5L',0,'农夫山泉饮用天然水5L',200,'农夫山泉饮用天然水5L',4),(447,'维他菊花茶250ml','http://img01.bqstatic.com/upload/goods/201/610/2618/20161026182018_621410.jpg@200w_200h_90Q',3.00,0,'250ml',0,'维他菊花茶250ml',200,'维他菊花茶250ml',4),(448,'统一冰红茶2L','http://img01.bqstatic.com/upload/goods/000/000/2300/0000002300.jpg@200w_200h_90Q',7.00,0,'2L',0,'统一冰红茶2L',200,'统一冰红茶2L',4),(449,'露露杏仁露原味240ml','http://img01.bqstatic.com/upload/goods/000/000/2434/0000002434.jpg@200w_200h_90Q',4.00,0,'240ml',0,'露露杏仁露原味240ml',200,'露露杏仁露原味240ml',4),(450,'康师傅冰红茶500ml','http://img01.bqstatic.com/upload/goods/000/001/5414/0000015414_39190.jpg@200w_200h_90Q',3.00,0,'550ml',0,'康师傅冰红茶500ml',200,'康师傅冰红茶500ml',4),(451,'王老吉凉茶310ml','http://img01.bqstatic.com/upload/goods/000/000/4623/0000004623.jpg@200w_200h_90Q',4.00,0,'310ml',0,'王老吉凉茶310ml',200,'王老吉凉茶310ml',4),(452,'中沃体质能量维生素饮料580ml','http://img01.bqstatic.com/upload/goods/000/001/0252/0000010252.jpg@200w_200h_90Q',4.00,0,'580ml',0,'中沃体质能量维生素饮料580ml',200,'中沃体质能量维生素饮料580ml',4),(453,'加多宝金罐凉茶310ml','http://img01.bqstatic.com/upload/goods/000/000/2199/0000002199_97980.jpg@200w_200h_90Q',4.00,0,'310ml',0,'加多宝金罐凉茶310ml',200,'加多宝金罐凉茶310ml',4),(454,'康师傅茉莉清茶500ml','http://img01.bqstatic.com/upload/goods/000/001/5406/0000015406_13390.jpg@200w_200h_90Q',3.00,0,'550ml',0,'康师傅茉莉清茶500ml',200,'康师傅茉莉清茶500ml',4),(455,'美年达橙味汽水500ml','http://img01.bqstatic.com/upload/goods/000/000/4319/0000004319_96020.jpg@200w_200h_90Q',3.00,0,'500ml',0,'美年达橙味汽水500ml',200,'美年达橙味汽水500ml',4),(456,'统一绿茶茉莉花味1.0L','http://img01.bqstatic.com/upload/goods/000/000/4614/0000004614_70350.jpg@200w_200h_90Q',4.50,0,'1L',0,'统一绿茶茉莉花味1.0L',200,'统一绿茶茉莉花味1.0L',4),(457,'百岁山矿泉水箱570.0ml*24瓶','http://img01.bqstatic.com/upload/goods/000/000/5489/0000005489.jpg@200w_200h_90Q',55.00,0,'570ml*24瓶',0,'百岁山矿泉水箱570.0ml*24瓶',200,'百岁山矿泉水箱570.0ml*24瓶',4),(458,'碱法葡萄味苏打水500.0ml/瓶','http://img01.bqstatic.com/upload/goods/000/001/5821/0000015821_06630.jpg@200w_200h_90Q',4.00,0,'500ml/瓶',0,'碱法葡萄味苏打水500.0ml/瓶',200,'碱法葡萄味苏打水500.0ml/瓶',4),(459,'统一雅哈冰咖啡450ml','http://img01.bqstatic.com/upload/goods/000/000/3222/0000003222_06710.jpg@200w_200h_90Q',5.00,0,'450ml',0,'统一雅哈冰咖啡450ml',200,'统一雅哈冰咖啡450ml',4),(460,'美汁源果粒橙1.25L','http://img01.bqstatic.com/upload/goods/000/000/2213/0000002213_49350.jpg@200w_200h_90Q',8.00,0,'1.25L',0,'美汁源果粒橙1.25L',200,'美汁源果粒橙1.25L',4),(461,'华旗山楂果茶400ml','http://img01.bqstatic.com/upload/goods/000/000/5980/0000005980_09370.jpg@200w_200h_90Q',4.00,0,'400ml',0,'华旗山楂果茶400ml',200,'华旗山楂果茶400ml',4),(462,'美年达青苹果味600ml','http://img01.bqstatic.com/upload/goods/000/000/5968/0000005968_92380.jpg@200w_200h_90Q',3.00,0,'600ml',0,'美年达青苹果味600ml',200,'美年达青苹果味600ml',4),(463,'农夫山泉箱550.0ml*24瓶','http://img01.bqstatic.com/upload/goods/000/000/5474/0000005474.jpg@200w_200h_90Q',36.00,0,'550ml*24瓶',0,'农夫山泉箱550.0ml*24瓶',200,'农夫山泉箱550.0ml*24瓶',4),(464,'碱法苹果味苏打水500.0ml/瓶','http://img01.bqstatic.com/upload/goods/000/001/5498/0000015498_21980.jpg@200w_200h_90Q',4.00,0,'500ml/瓶',0,'碱法苹果味苏打水500.0ml/瓶',200,'碱法苹果味苏打水500.0ml/瓶',4),(465,'康师傅绿茶1L','http://img01.bqstatic.com/upload/goods/000/000/4906/0000004906.jpg@200w_200h_90Q',4.50,0,'1L',0,'康师傅绿茶1L',200,'康师傅绿茶1L',4),(466,'「芬达」橙味汽水600ml','http://img01.bqstatic.com/upload/goods/000/000/5962/0000005962_50570.jpg@200w_200h_90Q',3.00,0,'600ml',0,'「芬达」橙味汽水600ml',200,'「芬达」橙味汽水600ml',4),(467,'统一绿茶茉莉味250ml','http://img01.bqstatic.com/upload/goods/000/001/5405/0000015405_36480.jpg@200w_200h_90Q',1.50,0,'250ml',0,'统一绿茶茉莉味250ml',200,'统一绿茶茉莉味250ml',4),(468,'农夫水溶C100西柚445ml','http://img01.bqstatic.com/upload/goods/000/000/2209/0000002209.jpg@200w_200h_90Q',5.00,0,'445ml',0,'农夫水溶C100西柚445ml',200,'农夫水溶C100西柚445ml',4),(469,'康师傅茉莉蜜茶500ml','http://img01.bqstatic.com/upload/goods/000/001/5407/0000015407_69300.jpg@200w_200h_90Q',3.00,0,'500ml',0,'康师傅茉莉蜜茶500ml',200,'康师傅茉莉蜜茶500ml',4),(470,'健力宝橙蜜味560ml','http://img01.bqstatic.com/upload/goods/000/000/8470/0000008470.jpg@200w_200h_90Q',3.50,0,'560ml',0,'健力宝橙蜜味560ml',200,'健力宝橙蜜味560ml',4),(471,'尖叫植物纤维饮料550ml','http://img01.bqstatic.com/upload/goods/000/000/4542/0000004542.jpg@200w_200h_90Q',4.00,0,'550ml',0,'尖叫植物纤维饮料550ml',200,'尖叫植物纤维饮料550ml',4),(472,'劲酒35度125.0ml','http://img01.bqstatic.com/upload/goods/000/000/2183/0000002183.jpg@200w_200h_90Q',11.00,0,'125ml',0,'劲酒35度125.0ml',200,'劲酒35度125.0ml',4),(473,'统一冰红茶500ml','http://img01.bqstatic.com/upload/goods/000/000/4613/0000004613_19980.jpg@200w_200h_90Q',3.00,0,'500ml',0,'统一冰红茶500ml',200,'统一冰红茶500ml',4),(474,'汇源100%苹果汁200ml','http://img01.bqstatic.com/upload/goods/000/000/8671/0000008671.jpg@200w_200h_90Q',4.00,0,'200ml',0,'汇源100%苹果汁200ml',200,'汇源100%苹果汁200ml',4),(475,'燕京普通听装(箱)330ml*24','http://img01.bqstatic.com/upload/goods/000/000/5548/0000005548.jpg@200w_200h_90Q',68.00,0,'330ml*24',0,'燕京普通听装(箱)330ml*24',200,'燕京普通听装(箱)330ml*24',4),(476,'碱法柠檬味苏打水500.0ml/瓶','http://img01.bqstatic.com/upload/goods/000/001/5819/0000015819_67120.jpg@200w_200h_90Q',4.00,0,'500ml',0,'碱法柠檬味苏打水500.0ml/瓶',200,'碱法柠檬味苏打水500.0ml/瓶',4),(477,'康师傅矿物质水1.5L','http://img01.bqstatic.com/upload/goods/000/000/4914/0000004914.jpg@200w_200h_90Q',3.00,0,'1.5L',0,'康师傅矿物质水1.5L',200,'康师傅矿物质水1.5L',4),(478,'统一鲜橙多2L','http://img01.bqstatic.com/upload/goods/000/000/7822/0000007822.jpg@200w_200h_90Q',8.00,0,'2L',0,'统一鲜橙多2L',200,'统一鲜橙多2L',4),(479,'怡宝饮用纯净水350ml','http://img01.bqstatic.com/upload/goods/201/601/1517/20160115173049_097085.jpg@200w_200h_90Q',1.50,0,'350ml',0,'怡宝饮用纯净水350ml',200,'怡宝饮用纯净水350ml',4),(480,'汇源100%桃汁200ml','http://img01.bqstatic.com/upload/goods/000/000/8670/0000008670.jpg@200w_200h_90Q',4.00,0,'200ml',0,'汇源100%桃汁200ml',200,'汇源100%桃汁200ml',4),(481,'统一小茗同学溜溜哒味480ml','http://img01.bqstatic.com/upload/goods/201/603/0117/20160301174957_425008.jpg@200w_200h_90Q',5.50,0,'480ml',0,'统一小茗同学溜溜哒味480ml',200,'统一小茗同学溜溜哒味480ml',4),(482,'统一冰红茶1.0L','http://img01.bqstatic.com/upload/goods/000/000/4611/0000004611_54460.jpg@200w_200h_90Q',4.50,0,'1L',0,'统一冰红茶1.0L',200,'统一冰红茶1.0L',4),(483,'尖叫运动多肽饮料550ml','http://img01.bqstatic.com/upload/goods/000/000/4540/0000004540.jpg@200w_200h_90Q',4.00,0,'550ml',0,'尖叫运动多肽饮料550ml',200,'尖叫运动多肽饮料550ml',4),(484,'雀巢优活水550ml','http://img01.bqstatic.com/upload/goods/000/001/4747/0000014747_02140.jpg@200w_200h_90Q',2.00,0,'550ml',0,'雀巢优活水550ml',200,'雀巢优活水550ml',4),(485,'汇源100%橙汁200ml','http://img01.bqstatic.com/upload/goods/000/000/8669/0000008669.jpg@200w_200h_90Q',4.00,0,'200ml',0,'汇源100%橙汁200ml',200,'汇源100%橙汁200ml',4),(486,'统一海之言海盐柠檬饮料500.0ml','http://img01.bqstatic.com/upload/goods/000/000/2478/0000002478.jpg@200w_200h_90Q',4.00,0,'500ml',0,'统一海之言海盐柠檬饮料500.0ml',200,'统一海之言海盐柠檬饮料500.0ml',4),(487,'「美汁源」「果粒橙」橙汁饮料450ml','http://img01.bqstatic.com/upload/goods/000/000/2214/0000002214_45570.jpg@200w_200h_90Q',4.00,0,'450ml',0,'「美汁源」「果粒橙」橙汁饮料450ml',200,'「美汁源」「果粒橙」橙汁饮料450ml',4),(488,'脉动菠萝口味维生素饮料600ml','http://img01.bqstatic.com/upload/goods/000/001/5527/0000015527_26530.jpg@200w_200h_90Q',4.00,0,'600ml',0,'脉动菠萝口味维生素饮料600ml',200,'脉动菠萝口味维生素饮料600ml',4),(489,'农夫山泉饮用天然水5L*4','http://img01.bqstatic.com/upload/goods/201/701/0417/20170104172845_601800.jpg@200w_200h_90Q',45.00,0,'5L*4',0,'农夫山泉饮用天然水5L*4',200,'农夫山泉饮用天然水5L*4',4),(490,'牛栏山陈酿42度白酒500.0ml','http://img01.bqstatic.com/upload/goods/000/000/2180/0000002180.jpg@200w_200h_90Q',13.00,0,'500ml',0,'牛栏山陈酿42度白酒500.0ml',200,'牛栏山陈酿42度白酒500.0ml',4),(491,'「美汁源」爽粒葡萄饮料450.0ml','http://img01.bqstatic.com/upload/goods/000/000/5975/0000005975_05650.jpg@200w_200h_90Q',4.50,0,'450ml',0,'「美汁源」爽粒葡萄饮料450.0ml',200,'「美汁源」爽粒葡萄饮料450.0ml',4),(492,'牛栏山46度白酒500ml','http://img01.bqstatic.com/upload/goods/000/000/2182/0000002182.jpg@200w_200h_90Q',7.00,0,'500ml',0,'牛栏山46度白酒500ml',200,'牛栏山46度白酒500ml',4),(493,'汇源100%苹果汁1L','http://img01.bqstatic.com/upload/goods/000/000/8676/0000008676.jpg@200w_200h_90Q',15.00,0,'1L',0,'汇源100%苹果汁1L',200,'汇源100%苹果汁1L',4),(494,'脉动维生素荔枝口味600ml','http://img01.bqstatic.com/upload/goods/201/610/0911/20161009111534_838956.jpg@200w_200h_90Q',4.00,0,'600ml',0,'脉动维生素荔枝口味600ml',200,'脉动维生素荔枝口味600ml',4),(495,'加多宝凉茶500ml','http://img01.bqstatic.com/upload/goods/000/000/7786/0000007786.jpg@200w_200h_90Q',4.00,0,'500ml',0,'加多宝凉茶500ml',200,'加多宝凉茶500ml',4),(496,'东方树叶红茶500.0ml','http://img01.bqstatic.com/upload/goods/000/001/5394/0000015394_47350.jpg@200w_200h_90Q',4.00,0,'500ml',0,'东方树叶红茶500.0ml',200,'东方树叶红茶500.0ml',4),(497,'脉动维生素橘子口味600ml','http://img01.bqstatic.com/upload/goods/201/610/0911/20161009111502_255082.jpg@200w_200h_90Q',4.00,0,'600ml',0,'脉动维生素橘子口味600ml',200,'脉动维生素橘子口味600ml',4),(498,'「雪碧」柠檬味箱330.0ml*24听','http://img01.bqstatic.com/upload/goods/000/000/5476/0000005476.jpg@200w_200h_90Q',55.00,0,'330ml*24听',0,'「雪碧」柠檬味箱330.0ml*24听',200,'「雪碧」柠檬味箱330.0ml*24听',4),(499,'统一小茗同学冷泡茉莉萃茶480.0ml','http://img01.bqstatic.com/upload/goods/000/001/0469/0000010469.jpg@200w_200h_90Q',5.50,0,'480ml',0,'统一小茗同学冷泡茉莉萃茶480.0ml',200,'统一小茗同学冷泡茉莉萃茶480.0ml',4),(500,'哈尔滨小麦王箱330.0ml*24听','http://img01.bqstatic.com/upload/goods/000/000/5392/0000005392.jpg@200w_200h_90Q',65.00,0,'330ml*24听',0,'哈尔滨小麦王箱330.0ml*24听',200,'哈尔滨小麦王箱330.0ml*24听',4),(501,'水溶C100青皮桔味445.0ml','http://img01.bqstatic.com/upload/goods/000/000/3477/0000003477.jpg@200w_200h_90Q',4.50,0,'445ml',0,'水溶C100青皮桔味445.0ml',200,'水溶C100青皮桔味445.0ml',4),(502,'锐澳蓝玫瑰味威士忌鸡尾酒275ml','http://img01.bqstatic.com/upload/goods/000/009/1732/0000091732_35010.jpg@200w_200h_90Q',13.00,0,'275ml',0,'锐澳蓝玫瑰味威士忌鸡尾酒275ml',200,'锐澳蓝玫瑰味威士忌鸡尾酒275ml',4),(503,'统一绿茶茉莉味箱500.0ml*15瓶','http://img01.bqstatic.com/upload/goods/000/000/5531/0000005531.jpg@200w_200h_90Q',42.00,0,'500ml*15瓶',0,'统一绿茶茉莉味箱500.0ml*15瓶',200,'统一绿茶茉莉味箱500.0ml*15瓶',4),(504,'统一小茗同学冷泡冰橘绿茶480ml','http://img01.bqstatic.com/upload/goods/201/607/2814/20160728144603_886952.jpg@200w_200h_90Q',5.50,0,'480ml',0,'统一小茗同学冷泡冰橘绿茶480ml',200,'统一小茗同学冷泡冰橘绿茶480ml',4),(505,'锐澳水蜜桃味白兰地鸡尾酒275ml','http://img01.bqstatic.com/upload/goods/000/009/1607/0000091607_33600.jpg@200w_200h_90Q',13.00,0,'275ml',0,'锐澳水蜜桃味白兰地鸡尾酒275ml',200,'锐澳水蜜桃味白兰地鸡尾酒275ml',4),(506,'百事可乐箱330.0ml*24听','http://img01.bqstatic.com/upload/goods/000/000/5483/0000005483.jpg@200w_200h_90Q',55.00,0,'330ml*24听',0,'百事可乐箱330.0ml*24听',200,'百事可乐箱330.0ml*24听',4),(507,'怡宝纯净水箱350.0ml*24瓶','http://img01.bqstatic.com/upload/goods/000/000/9081/0000009081.jpg@200w_200h_90Q',36.00,0,'350ml*24瓶',0,'怡宝纯净水箱350.0ml*24瓶',200,'怡宝纯净水箱350.0ml*24瓶',4),(508,'恒大冰泉500.0ml','http://img01.bqstatic.com/upload/goods/000/000/4810/0000004810.jpg@200w_200h_90Q',3.50,0,'500ml',0,'恒大冰泉500.0ml',200,'恒大冰泉500.0ml',4),(509,'康师傅饮用水箱1.5L*8瓶','http://img01.bqstatic.com/upload/goods/201/605/0517/20160505171030_110112.jpg@200w_200h_90Q',24.00,0,'1.5L*8瓶',0,'康师傅饮用水箱1.5L*8瓶',200,'康师傅饮用水箱1.5L*8瓶',4),(510,'青岛啤酒箱500.0ml*12听','http://img01.bqstatic.com/upload/goods/000/000/5429/0000005429.jpg@200w_200h_90Q',70.00,0,'500ml*12听',0,'青岛啤酒箱500.0ml*12听',200,'青岛啤酒箱500.0ml*12听',4),(511,'脉动芒果口味维生素饮料600ml','http://img01.bqstatic.com/upload/goods/000/001/3580/0000013580_96970.jpg@200w_200h_90Q',4.00,0,'600ml',0,'脉动芒果口味维生素饮料600ml',200,'脉动芒果口味维生素饮料600ml',4),(512,'芬达苹果味汽水600.0ml','http://img01.bqstatic.com/upload/goods/000/000/5963/0000005963.jpg@200w_200h_90Q',3.00,0,'600ml',0,'芬达苹果味汽水600.0ml',200,'芬达苹果味汽水600.0ml',4),(513,'锐澳青柠味朗姆鸡尾酒275ml','http://img01.bqstatic.com/upload/goods/000/009/1589/0000091589_42590.jpg@200w_200h_90Q',13.00,0,'275ml',0,'锐澳青柠味朗姆鸡尾酒275ml',200,'锐澳青柠味朗姆鸡尾酒275ml',4),(514,'统一鲜橙多450.0ml','http://img01.bqstatic.com/upload/goods/000/000/4356/0000004356.jpg@200w_200h_90Q',3.50,0,'450ml',0,'统一鲜橙多450.0ml',200,'统一鲜橙多450.0ml',4),(515,'锐澳紫葡萄味白兰地鸡尾酒275.0ml','http://img01.bqstatic.com/upload/goods/000/009/1737/0000091737_42540.jpg@200w_200h_90Q',13.00,0,'275ml',0,'锐澳紫葡萄味白兰地鸡尾酒275.0ml',200,'锐澳紫葡萄味白兰地鸡尾酒275.0ml',4),(516,'红星二锅头酒43度500ml','http://img01.bqstatic.com/upload/goods/000/001/0253/0000010253.jpg@200w_200h_90Q',26.00,0,'500ml',0,'红星二锅头酒43度500ml',200,'红星二锅头酒43度500ml',4),(517,'芬达橙味汽水箱330.0ml*24听','http://img01.bqstatic.com/upload/goods/000/000/5477/0000005477.jpg@200w_200h_90Q',55.00,0,'330ml*24听',0,'芬达橙味汽水箱330.0ml*24听',200,'芬达橙味汽水箱330.0ml*24听',4),(518,'娃哈哈营养快线原味500ml/瓶','http://img01.bqstatic.com/upload/goods/000/000/2422/0000002422_07930.jpg@200w_200h_90Q',5.00,0,'500ml/瓶',0,'娃哈哈营养快线原味500ml/瓶',200,'娃哈哈营养快线原味500ml/瓶',4),(519,'统一冰糖雪梨500.0ml','http://img01.bqstatic.com/upload/goods/000/000/5971/0000005971_78050.jpg@200w_200h_90Q',3.00,0,'500ml',0,'统一冰糖雪梨500.0ml',200,'统一冰糖雪梨500.0ml',4),(520,'统一海之言黑加仑味500ml','http://img01.bqstatic.com/upload/goods/201/603/2514/20160325142605_361138.jpg@200w_200h_90Q',4.00,0,'500ml',0,'统一海之言黑加仑味500ml',200,'统一海之言黑加仑味500ml',4),(521,'统一海之言海盐西柚果味饮料500.0ml','http://img01.bqstatic.com/upload/goods/000/000/3567/0000003567.jpg@200w_200h_90Q',4.00,0,'500ml',0,'统一海之言海盐西柚果味饮料500.0ml',200,'统一海之言海盐西柚果味饮料500.0ml',4),(522,'统一鲜橙多250ml','http://img01.bqstatic.com/upload/goods/000/000/7827/0000007827.jpg@200w_200h_90Q',1.50,0,'250ml',0,'统一鲜橙多250ml',200,'统一鲜橙多250ml',4),(523,'汇源100%葡萄汁1.0L','http://img01.bqstatic.com/upload/goods/000/000/8675/0000008675.jpg@200w_200h_90Q',15.00,0,'1L',0,'汇源100%葡萄汁1.0L',200,'汇源100%葡萄汁1.0L',4),(524,'汇源100%葡萄汁200ml','http://img01.bqstatic.com/upload/goods/000/000/8672/0000008672.jpg@200w_200h_90Q',4.00,0,'200ml',0,'汇源100%葡萄汁200ml',200,'汇源100%葡萄汁200ml',4),(525,'哈尔滨小麦王箱500.0ml*18听','http://img01.bqstatic.com/upload/goods/000/000/5393/0000005393.jpg@200w_200h_90Q',78.00,0,'500ml*18听',0,'哈尔滨小麦王箱500.0ml*18听',200,'哈尔滨小麦王箱500.0ml*18听',4),(526,'东方树叶红茶480ml','http://img01.bqstatic.com/upload/goods/000/000/2298/0000002298.jpg@200w_200h_90Q',4.00,0,'480ml',0,'东方树叶红茶480ml',200,'东方树叶红茶480ml',4),(527,'「芬达」水蜜桃味汽水600.0ml','http://img01.bqstatic.com/upload/goods/000/000/8637/0000008637.jpg@200w_200h_90Q',3.00,0,'600ml',0,'「芬达」水蜜桃味汽水600.0ml',200,'「芬达」水蜜桃味汽水600.0ml',4),(528,'北冰洋橙汁味汽水整箱330ml*24听','http://img01.bqstatic.com/upload/goods/201/612/1616/20161216162617_162550.jpg@200w_200h_90Q',105.00,0,'330ml*24听',0,'北冰洋橙汁味汽水整箱330ml*24听',200,'北冰洋橙汁味汽水整箱330ml*24听',4),(529,'娃哈哈香草冰淇淋营养快线500.0ml/瓶','http://img01.bqstatic.com/upload/goods/000/006/9676/0000069676_79920.jpg@200w_200h_90Q',5.00,0,'500ml',0,'娃哈哈香草冰淇淋营养快线500.0ml/瓶',200,'娃哈哈香草冰淇淋营养快线500.0ml/瓶',4),(530,'华旗山楂果茶无蔗糖400ml','http://img01.bqstatic.com/upload/goods/000/000/5981/0000005981_28760.jpg@200w_200h_90Q',4.00,0,'400ml',0,'华旗山楂果茶无蔗糖400ml',200,'华旗山楂果茶无蔗糖400ml',4),(531,'统一冰红茶箱500.0ml*15瓶','http://img01.bqstatic.com/upload/goods/201/601/2013/20160120135823_526794.jpg@200w_200h_90Q',42.00,0,'500ml*15瓶',0,'统一冰红茶箱500.0ml*15瓶',200,'统一冰红茶箱500.0ml*15瓶',4),(532,'和其正凉茶600.0ml','http://img01.bqstatic.com/upload/goods/000/009/1971/0000091971_37590.jpg@200w_200h_90Q',4.50,0,'600ml',0,'和其正凉茶600.0ml',200,'和其正凉茶600.0ml',4),(533,'统一蜜桃多250ml','http://img01.bqstatic.com/upload/goods/000/000/7821/0000007821.jpg@200w_200h_90Q',1.50,0,'250ml',0,'统一蜜桃多250ml',200,'统一蜜桃多250ml',4),(534,'康师傅蜂蜜柚子500ml','http://img01.bqstatic.com/upload/goods/201/601/2312/20160123120401_901504.jpg@200w_200h_90Q',3.00,0,'500ml',0,'康师傅蜂蜜柚子500ml',200,'康师傅蜂蜜柚子500ml',4),(535,'娃哈哈纯净水箱596.0ml*24瓶','http://img01.bqstatic.com/upload/goods/000/000/5502/0000005502.jpg@200w_200h_90Q',36.00,0,'596ml*24瓶',0,'娃哈哈纯净水箱596.0ml*24瓶',200,'娃哈哈纯净水箱596.0ml*24瓶',4),(536,'红牛维生素功能饮料箱250.0ml*24罐','http://img01.bqstatic.com/upload/goods/000/000/5490/0000005490.jpg@200w_200h_90Q',144.00,0,'250ml*24罐',0,'红牛维生素功能饮料箱250.0ml*24罐',200,'红牛维生素功能饮料箱250.0ml*24罐',4),(537,'康师傅酸梅汤500ml','http://img01.bqstatic.com/upload/goods/000/009/0372/0000090372_59260.jpg@200w_200h_90Q',3.00,0,'500ml',0,'康师傅酸梅汤500ml',200,'康师傅酸梅汤500ml',4),(538,'红星二锅头56度500ml','http://img01.bqstatic.com/upload/goods/000/000/2184/0000002184.jpg@200w_200h_90Q',11.00,0,'500ml',0,'红星二锅头56度500ml',200,'红星二锅头56度500ml',4),(539,'雪花10度清爽箱330.0ml*24听','http://img01.bqstatic.com/upload/goods/201/601/2014/20160120140113_233690.jpg@200w_200h_90Q',65.00,0,'330ml*24听',0,'雪花10度清爽箱330.0ml*24听',200,'雪花10度清爽箱330.0ml*24听',4),(540,'青岛啤酒箱330.0ml*24听','http://img01.bqstatic.com/upload/goods/000/000/5439/0000005439.jpg@200w_200h_90Q',95.00,0,'330ml*24听',0,'青岛啤酒箱330.0ml*24听',200,'青岛啤酒箱330.0ml*24听',4),(541,'统一冰红茶箱250.0ml*24盒','http://img01.bqstatic.com/upload/goods/000/000/5525/0000005525.jpg@200w_200h_90Q',35.00,0,'250ml*24盒',0,'统一冰红茶箱250.0ml*24盒',200,'统一冰红茶箱250.0ml*24盒',4),(542,'露露杏仁露箱240.0ml*24罐','http://img01.bqstatic.com/upload/goods/000/000/5486/0000005486.jpg@200w_200h_90Q',82.00,0,'240ml*24罐',0,'露露杏仁露箱240.0ml*24罐',200,'露露杏仁露箱240.0ml*24罐',4),(543,'统一海之言水蜜桃味500ml','http://img01.bqstatic.com/upload/goods/201/603/2514/20160325143101_199045.jpg@200w_200h_90Q',4.00,0,'500ml',0,'统一海之言水蜜桃味500ml',200,'统一海之言水蜜桃味500ml',4),(544,'锐澳混合果味伏特加鸡尾酒275.0ml','http://img01.bqstatic.com/upload/goods/000/009/1591/0000091591_79850.jpg@200w_200h_90Q',13.00,0,'275ml',0,'锐澳混合果味伏特加鸡尾酒275.0ml',200,'锐澳混合果味伏特加鸡尾酒275.0ml',4),(545,'统一冰糖雪梨250ml/盒','http://img01.bqstatic.com/upload/goods/000/001/0046/0000010046.jpg@200w_200h_90Q',1.30,0,'250ml',0,'统一冰糖雪梨250ml/盒',200,'统一冰糖雪梨250ml/盒',4),(546,'统一海之言海盐卡曼橘果味饮料500.0ml','http://img01.bqstatic.com/upload/goods/000/000/8702/0000008702.jpg@200w_200h_90Q',4.00,0,'500ml',0,'统一海之言海盐卡曼橘果味饮料500.0ml',200,'统一海之言海盐卡曼橘果味饮料500.0ml',4),(547,'台湾美馔芒果汁490ml','http://img01.bqstatic.com/upload/goods/000/000/6492/0000006492.jpg@200w_200h_90Q',7.50,0,'490ml',0,'台湾美馔芒果汁490ml',200,'台湾美馔芒果汁490ml',4),(548,'台湾美馔蜜桃汁490ml','http://img01.bqstatic.com/upload/goods/000/000/6493/0000006493.jpg@200w_200h_90Q',8.00,0,'490ml',0,'台湾美馔蜜桃汁490ml',200,'台湾美馔蜜桃汁490ml',4),(549,'娃哈哈营养快线菠萝味500ml','http://img01.bqstatic.com/upload/goods/000/006/9677/0000069677_49540.jpg@200w_200h_90Q',5.00,0,'500ml',0,'娃哈哈营养快线菠萝味500ml',200,'娃哈哈营养快线菠萝味500ml',4),(550,'北冰洋桔汁味汽水整箱330ml*24听','http://img01.bqstatic.com/upload/goods/201/612/1616/20161216162810_823891.jpg@200w_200h_90Q',105.00,0,'330ml*24听',0,'北冰洋桔汁味汽水整箱330ml*24听',200,'北冰洋桔汁味汽水整箱330ml*24听',4),(551,'锐澳橙味伏特加鸡尾酒275ml','http://img01.bqstatic.com/upload/goods/000/009/1599/0000091599_50720.jpg@200w_200h_90Q',13.00,0,'275ml',0,'锐澳橙味伏特加鸡尾酒275ml',200,'锐澳橙味伏特加鸡尾酒275ml',4),(552,'汇源100%梨汁1.0L','http://img01.bqstatic.com/upload/goods/000/000/8674/0000008674.jpg@200w_200h_90Q',15.00,0,'1L',0,'汇源100%梨汁1.0L',200,'汇源100%梨汁1.0L',4),(553,'雪花8度清爽箱500.0ml*12听','http://img01.bqstatic.com/upload/goods/000/000/5416/0000005416.jpg@200w_200h_90Q',42.00,0,'500ml*12听',0,'雪花8度清爽箱500.0ml*12听',200,'雪花8度清爽箱500.0ml*12听',4),(554,'百威啤酒箱500.0ml*12听','http://img01.bqstatic.com/upload/goods/000/000/9067/0000009067.jpg@200w_200h_90Q',84.00,0,'500ml*12听',0,'百威啤酒箱500.0ml*12听',200,'百威啤酒箱500.0ml*12听',4),(555,'康师傅冰绿茶500.0ml','http://img01.bqstatic.com/upload/goods/000/000/2212/0000002212.jpg@200w_200h_90Q',3.00,0,'500ml',0,'康师傅冰绿茶500.0ml',200,'康师傅冰绿茶500.0ml',4),(556,'哈尔滨小麦王啤酒听装(箱)500ml*12','http://img01.bqstatic.com/upload/goods/201/512/3009/20151230093825_610101.jpg@200w_200h_90Q',56.00,0,'500ml*12',0,'哈尔滨小麦王啤酒听装(箱)500ml*12',200,'哈尔滨小麦王啤酒听装(箱)500ml*12',4),(557,'雪花勇闯天涯箱330.0ml*24听','http://img01.bqstatic.com/upload/goods/000/000/5427/0000005427.jpg@200w_200h_90Q',80.00,0,'330ml*24听',0,'雪花勇闯天涯箱330.0ml*24听',200,'雪花勇闯天涯箱330.0ml*24听',4),(558,'娃哈哈营养快线草莓味500ml','http://img01.bqstatic.com/upload/goods/201/612/2016/20161220161959_806293.jpg@200w_200h_90Q',5.00,0,'500ml',0,'娃哈哈营养快线草莓味500ml',200,'娃哈哈营养快线草莓味500ml',4),(559,'娃哈哈格瓦斯330.0ml','http://img01.bqstatic.com/upload/goods/000/000/4359/0000004359_65300.jpg@200w_200h_90Q',4.00,0,'330ml',0,'娃哈哈格瓦斯330.0ml',200,'娃哈哈格瓦斯330.0ml',4),(560,'统一鲜橙多箱250ml*24','http://img01.bqstatic.com/upload/goods/201/612/2314/20161223143230_948420.jpg@200w_200h_90Q',33.00,0,'250ml*24',0,'统一鲜橙多箱250ml*24',200,'统一鲜橙多箱250ml*24',4),(561,'娃哈哈营养快线香蕉味500g','http://img01.bqstatic.com/upload/goods/201/609/2915/20160929153505_515773.jpg@200w_200h_90Q',5.00,0,'500g',0,'娃哈哈营养快线香蕉味500g',200,'娃哈哈营养快线香蕉味500g',4),(562,'牛栏山百年陈酿36度白酒400.0ml','http://img01.bqstatic.com/upload/goods/000/000/3693/0000003693.jpg@200w_200h_90Q',120.00,0,'400ml',0,'牛栏山百年陈酿36度白酒400.0ml',200,'牛栏山百年陈酿36度白酒400.0ml',4),(563,'王老吉凉茶箱310.0ml*24罐','http://img01.bqstatic.com/upload/goods/000/000/5501/0000005501.jpg@200w_200h_90Q',90.00,0,'310ml*24罐',0,'王老吉凉茶箱310.0ml*24罐',200,'王老吉凉茶箱310.0ml*24罐',4),(564,'燕京至简苏打水380.0ml','http://img01.bqstatic.com/upload/goods/000/000/5986/0000005986_98750.jpg@200w_200h_90Q',4.00,0,'380ml',0,'燕京至简苏打水380.0ml',200,'燕京至简苏打水380.0ml',4),(565,'康师傅冰红茶310.0ml','http://img01.bqstatic.com/upload/goods/000/001/0479/0000010479.jpg@200w_200h_90Q',2.50,0,'310ml',0,'康师傅冰红茶310.0ml',200,'康师傅冰红茶310.0ml',4),(566,'老村长浓香型42度450.0ml','http://img01.bqstatic.com/upload/goods/000/000/7617/0000007617.jpg@200w_200h_90Q',13.00,0,'450ml',0,'老村长浓香型42度450.0ml',200,'老村长浓香型42度450.0ml',4),(567,'统一蜜桃多450.0ml','http://img01.bqstatic.com/upload/goods/000/000/4349/0000004349.jpg@200w_200h_90Q',3.50,0,'450ml',0,'统一蜜桃多450.0ml',200,'统一蜜桃多450.0ml',4),(568,'康师傅水蜜桃450.0ml','http://img01.bqstatic.com/upload/goods/000/000/4928/0000004928.jpg@200w_200h_90Q',3.50,0,'450ml',3,'康师傅水蜜桃450.0ml',200,'康师傅水蜜桃450.0ml',4),(569,'恒大冰泉矿泉水箱500.0ml*24瓶','http://img01.bqstatic.com/upload/goods/000/000/5555/0000005555.jpg@200w_200h_90Q',95.00,0,'500ml*24瓶',0,'恒大冰泉矿泉水箱500.0ml*24瓶',200,'恒大冰泉矿泉水箱500.0ml*24瓶',4),(570,'健力宝柠蜜味560.0ml','http://img01.bqstatic.com/upload/goods/000/000/5970/0000005970_60330.jpg@200w_200h_90Q',3.50,0,'560ml',0,'健力宝柠蜜味560.0ml',200,'健力宝柠蜜味560.0ml',4),(571,'统一芒果多450.0ml','http://img01.bqstatic.com/upload/goods/000/000/4348/0000004348.jpg@200w_200h_90Q',3.50,0,'450ml',0,'统一芒果多450.0ml',200,'统一芒果多450.0ml',4),(572,'牛栏山陈酿白酒42度500ml*12瓶','http://img01.bqstatic.com/upload/goods/201/612/1218/20161212180116_042848.jpg@200w_200h_90Q',160.00,0,'500ml*12瓶',0,'牛栏山陈酿白酒42度500ml*12瓶',200,'牛栏山陈酿白酒42度500ml*12瓶',4),(573,'康师傅冰糖柠檬500.0ml','http://img01.bqstatic.com/upload/goods/201/605/1917/20160519170808_850812.jpg@200w_200h_90Q',3.00,0,'500ml',5,'康师傅冰糖柠檬500.0ml',200,'康师傅冰糖柠檬500.0ml',4),(574,'脉动金桔姜味500.0ml','http://img01.bqstatic.com/upload/goods/000/000/5959/0000005959.jpg@200w_200h_90Q',4.00,0,'500ml',4,'脉动金桔姜味500.0ml',200,'脉动金桔姜味500.0ml',4),(575,'统一小浣熊销魂香辣蟹味50g','http://img01.bqstatic.com/upload/goods/000/000/6000/0000006000.jpg@200w_200h_90Q',1.50,0,'50g',0,'统一小浣熊销魂香辣蟹味50g',200,'统一小浣熊销魂香辣蟹味50g',5),(576,'双汇王中王38g','http://img01.bqstatic.com/upload/goods/000/000/2399/0000002399.jpg@200w_200h_90Q',1.20,0,'38g',0,'双汇王中王38g',200,'双汇王中王38g',5),(577,'统一小浣熊有肉任性烤味50g','http://img01.bqstatic.com/upload/goods/000/000/2514/0000002514.jpg@200w_200h_90Q',1.30,0,'50g',0,'统一小浣熊有肉任性烤味50g',200,'统一小浣熊有肉任性烤味50g',5),(578,'双汇东北鸡肉香肠65g','http://img01.bqstatic.com/upload/goods/000/000/6020/0000006020.jpg@200w_200h_90Q',1.50,0,'65g',0,'双汇东北鸡肉香肠65g',200,'双汇东北鸡肉香肠65g',5),(579,'小浣熊干脆面奇奇怪怪味1袋','http://img01.bqstatic.com/upload/goods/000/000/6001/0000006001.jpg@200w_200h_90Q',1.20,0,'1袋',0,'小浣熊干脆面奇奇怪怪味1袋',200,'小浣熊干脆面奇奇怪怪味1袋',5),(580,'小浣熊干脆面麻辣香锅味1袋','http://img01.bqstatic.com/upload/goods/000/000/2510/0000002510.jpg@200w_200h_90Q',1.20,0,'1袋',0,'小浣熊干脆面麻辣香锅味1袋',200,'小浣熊干脆面麻辣香锅味1袋',5),(581,'康师傅红烧牛肉面袋装103g','http://img01.bqstatic.com/upload/goods/201/603/2209/20160322094913_414234.jpg@200w_200h_90Q',3.00,0,'103g',0,'康师傅红烧牛肉面袋装103g',200,'康师傅红烧牛肉面袋装103g',5),(582,'双汇王中王105g','http://img01.bqstatic.com/upload/goods/201/601/2616/20160126164602_843009.jpg@200w_200h_90Q',3.00,0,'105g',0,'双汇王中王105g',200,'双汇王中王105g',5),(583,'老干妈香辣菜60g','http://img01.bqstatic.com/upload/goods/000/000/3512/0000003512_63670.jpg@200w_200h_90Q',2.00,0,'60g',0,'老干妈香辣菜60g',200,'老干妈香辣菜60g',5),(584,'双汇玉米热狗肠160g','http://img01.bqstatic.com/upload/goods/000/000/6011/0000006011_48050.jpg@200w_200h_90Q',5.00,0,'160g',0,'双汇玉米热狗肠160g',200,'双汇玉米热狗肠160g',5),(585,'统一100老坛酸菜(香辣味)121g','http://img01.bqstatic.com/upload/goods/000/000/6664/0000006664.jpg@200w_200h_90Q',3.00,0,'121g',0,'统一100老坛酸菜(香辣味)121g',200,'统一100老坛酸菜(香辣味)121g',5),(586,'双汇香辣香脆肠4连装140g','http://img01.bqstatic.com/upload/goods/000/000/3212/0000003212.jpg@200w_200h_90Q',5.00,0,'140g',0,'双汇香辣香脆肠4连装140g',200,'双汇香辣香脆肠4连装140g',5),(587,'康师傅开心桶香辣牛肉面105g','http://img01.bqstatic.com/upload/goods/000/000/4924/0000004924.jpg@200w_200h_90Q',4.50,0,'105g',0,'康师傅开心桶香辣牛肉面105g',200,'康师傅开心桶香辣牛肉面105g',5),(588,'康师傅红烧牛肉面桶装106g','http://img01.bqstatic.com/upload/goods/201/603/2209/20160322094940_927507.jpg@200w_200h_90Q',4.50,0,'106g',0,'康师傅红烧牛肉面桶装106g',200,'康师傅红烧牛肉面桶装106g',5),(589,'康师傅老陈醋酸辣牛肉面桶装108.0g','http://img01.bqstatic.com/upload/goods/000/000/9101/0000009101.jpg@200w_200h_90Q',4.50,0,'108g',0,'康师傅老陈醋酸辣牛肉面桶装108.0g',200,'康师傅老陈醋酸辣牛肉面桶装108.0g',5),(590,'康师傅鲜虾鱼板面袋装95g','http://img01.bqstatic.com/upload/goods/000/000/6004/0000006004_88460.jpg@200w_200h_90Q',3.00,0,'95g',0,'康师傅鲜虾鱼板面袋装95g',200,'康师傅鲜虾鱼板面袋装95g',5),(591,'双汇香脆肠150g','http://img01.bqstatic.com/upload/goods/000/000/9887/0000009887.jpg@200w_200h_90Q',5.00,0,'150g',0,'双汇香脆肠150g',200,'双汇香脆肠150g',5),(592,'统一来一桶香辣味老坛酸菜120g','http://img01.bqstatic.com/upload/goods/000/000/2311/0000002311.jpg@200w_200h_90Q',4.50,0,'120g',0,'统一来一桶香辣味老坛酸菜120g',200,'统一来一桶香辣味老坛酸菜120g',5),(593,'鱼泉精制榨菜70g','http://img01.bqstatic.com/upload/goods/201/612/0617/20161206175907_247758.jpg@200w_200h_90Q',1.50,0,'70g',0,'鱼泉精制榨菜70g',200,'鱼泉精制榨菜70g',5),(594,'双汇Q趣儿孜然风味香肠85g','http://img01.bqstatic.com/upload/goods/000/000/4272/0000004272.jpg@200w_200h_90Q',2.50,0,'85g',0,'双汇Q趣儿孜然风味香肠85g',200,'双汇Q趣儿孜然风味香肠85g',5),(595,'乌江榨菜芯60g','http://img01.bqstatic.com/upload/goods/000/000/3830/0000003830_00980.jpg@200w_200h_90Q',1.50,0,'60g',0,'乌江榨菜芯60g',200,'乌江榨菜芯60g',5),(596,'娃哈哈桂圆莲子八宝粥360g','http://img01.bqstatic.com/upload/goods/201/601/2115/20160121152656_821394.jpg@200w_200h_90Q',4.50,0,'360g',0,'娃哈哈桂圆莲子八宝粥360g',200,'娃哈哈桂圆莲子八宝粥360g',5),(597,'雀巢咖啡1+2原味(单条)15g','http://img01.bqstatic.com/upload/goods/000/000/9881/0000009881.jpg@200w_200h_90Q',1.50,0,'15g',0,'雀巢咖啡1+2原味(单条)15g',200,'雀巢咖啡1+2原味(单条)15g',5),(598,'康师傅香辣牛肉面袋装101g','http://img01.bqstatic.com/upload/goods/201/603/2210/20160322100208_022359.jpg@200w_200h_90Q',3.00,0,'101g',0,'康师傅香辣牛肉面袋装101g',200,'康师傅香辣牛肉面袋装101g',5),(599,'统一汤达人日式豚骨拉面130g','http://img01.bqstatic.com/upload/goods/000/000/2693/0000002693_43310.jpg@200w_200h_90Q',8.00,0,'130g',0,'统一汤达人日式豚骨拉面130g',200,'统一汤达人日式豚骨拉面130g',5),(600,'香飘飘奶茶原味80g','http://img01.bqstatic.com/upload/goods/201/601/1617/20160116171647_008798.jpg@200w_200h_90Q',4.00,0,'80g',0,'香飘飘奶茶原味80g',200,'香飘飘奶茶原味80g',5),(601,'双汇王中王优级火腿肠270g','http://img01.bqstatic.com/upload/goods/000/000/3517/0000003517.jpg@200w_200h_90Q',9.50,0,'270g',0,'双汇王中王优级火腿肠270g',200,'双汇王中王优级火腿肠270g',5),(602,'康师傅鲜虾鱼板桶面98g','http://img01.bqstatic.com/upload/goods/000/000/4288/0000004288_21440.jpg@200w_200h_90Q',4.50,0,'98g',0,'康师傅鲜虾鱼板桶面98g',200,'康师傅鲜虾鱼板桶面98g',5),(603,'双汇台式烤香肠48g','http://img01.bqstatic.com/upload/goods/000/000/6012/0000006012.jpg@200w_200h_90Q',2.50,0,'48g',0,'双汇台式烤香肠48g',200,'双汇台式烤香肠48g',5),(604,'统一小浣熊系列意大利红烩袋50g','http://img01.bqstatic.com/upload/goods/000/009/4421/0000094421_40210.jpg@200w_200h_90Q',1.20,0,'1袋',0,'统一小浣熊系列意大利红烩袋50g',200,'统一小浣熊系列意大利红烩袋50g',5),(605,'康师傅红烧牛肉面100g*5包','http://img01.bqstatic.com/upload/goods/000/000/9319/0000009319.jpg@200w_200h_90Q',15.00,0,'100g*5包',0,'康师傅红烧牛肉面100g*5包',200,'康师傅红烧牛肉面100g*5包',5),(606,'小浣熊干脆面台湾烤肠味1袋','http://img01.bqstatic.com/upload/goods/000/000/2509/0000002509.jpg@200w_200h_90Q',1.30,0,'1袋',0,'小浣熊干脆面台湾烤肠味1袋',200,'小浣熊干脆面台湾烤肠味1袋',5),(607,'统一汤达人酸酸辣辣豚骨面135g','http://img01.bqstatic.com/upload/goods/000/000/8338/0000008338.jpg@200w_200h_90Q',8.00,0,'135g',0,'统一汤达人酸酸辣辣豚骨面135g',200,'统一汤达人酸酸辣辣豚骨面135g',5),(608,'农心兵卒咖喱味一口脆70g','http://img01.bqstatic.com/upload/goods/000/000/2502/0000002502_72960.jpg@200w_200h_90Q',4.00,0,'70g',0,'农心兵卒咖喱味一口脆70g',200,'农心兵卒咖喱味一口脆70g',5),(609,'康师傅小鸡炖蘑菇面袋装95g','http://img01.bqstatic.com/upload/goods/000/000/6003/0000006003.jpg@200w_200h_90Q',3.00,0,'95g',0,'康师傅小鸡炖蘑菇面袋装95g',200,'康师傅小鸡炖蘑菇面袋装95g',5),(610,'统一汤达人日式豚骨拉面78g','http://img01.bqstatic.com/upload/goods/000/000/8319/0000008319.jpg@200w_200h_90Q',6.00,0,'78g',0,'统一汤达人日式豚骨拉面78g',200,'统一汤达人日式豚骨拉面78g',5),(611,'三全灌汤水饺猪肉大葱450g','http://img01.bqstatic.com/upload/goods/000/000/7699/0000007699.jpg@200w_200h_90Q',8.00,0,'450g',0,'三全灌汤水饺猪肉大葱450g',200,'三全灌汤水饺猪肉大葱450g',5),(612,'小浣熊奥尔良烤翅味干脆面50g','http://img01.bqstatic.com/upload/goods/000/000/2512/0000002512.jpg@200w_200h_90Q',2.00,0,'50g',0,'小浣熊奥尔良烤翅味干脆面50g',200,'小浣熊奥尔良烤翅味干脆面50g',5),(613,'统一汤达人酸酸辣辣豚骨面83.0g','http://img01.bqstatic.com/upload/goods/000/000/4345/0000004345.jpg@200w_200h_90Q',6.50,0,'83g',0,'统一汤达人酸酸辣辣豚骨面83.0g',200,'统一汤达人酸酸辣辣豚骨面83.0g',5),(614,'康师傅西红柿鸡蛋打卤面袋装100g','http://img01.bqstatic.com/upload/goods/000/000/6002/0000006002_41500.jpg@200w_200h_90Q',3.00,0,'100g',0,'康师傅西红柿鸡蛋打卤面袋装100g',200,'康师傅西红柿鸡蛋打卤面袋装100g',5),(615,'双汇香辣香脆肠35g','http://img01.bqstatic.com/upload/goods/000/000/4129/0000004129.jpg@200w_200h_90Q',1.50,0,'35g',0,'双汇香辣香脆肠35g',200,'双汇香辣香脆肠35g',5),(616,'白家陈记正宗酸辣味方便粉丝袋装108g','http://img01.bqstatic.com/upload/goods/000/001/4518/0000014518_54780.jpg@200w_200h_90Q',3.00,0,'108g',0,'白家陈记正宗酸辣味方便粉丝袋装108g',200,'白家陈记正宗酸辣味方便粉丝袋装108g',5),(617,'双汇马可波罗特级火腿肠100g','http://img01.bqstatic.com/upload/goods/000/000/2469/0000002469.jpg@200w_200h_90Q',3.50,0,'100g',0,'双汇马可波罗特级火腿肠100g',200,'双汇马可波罗特级火腿肠100g',5),(618,'康师傅红烧牛肉干拌面碗装100g','http://img01.bqstatic.com/upload/goods/000/000/4908/0000004908.jpg@200w_200h_90Q',6.00,0,'100g',0,'康师傅红烧牛肉干拌面碗装100g',200,'康师傅红烧牛肉干拌面碗装100g',5),(619,'欢乐家黄桃罐头700g','http://img01.bqstatic.com/upload/goods/000/000/8143/0000008143.jpg@200w_200h_90Q',15.00,0,'700g',0,'欢乐家黄桃罐头700g',200,'欢乐家黄桃罐头700g',5),(620,'农心兵卒辣味一口脆70g','http://img01.bqstatic.com/upload/goods/000/000/2521/0000002521_29410.jpg@200w_200h_90Q',4.00,0,'70g',0,'农心兵卒辣味一口脆70g',200,'农心兵卒辣味一口脆70g',5),(621,'三全灌汤水饺三鲜450.0g','http://img01.bqstatic.com/upload/goods/000/000/7705/0000007705.jpg@200w_200h_90Q',8.50,0,'450g',0,'三全灌汤水饺三鲜450.0g',200,'三全灌汤水饺三鲜450.0g',5),(622,'香飘飘奶茶香芋味80g','http://img01.bqstatic.com/upload/goods/201/601/2211/20160122111528_990489.jpg@200w_200h_90Q',4.00,0,'80g',0,'香飘飘奶茶香芋味80g',200,'香飘飘奶茶香芋味80g',5),(623,'双汇Q趣儿玉米风味香肠85g','http://img01.bqstatic.com/upload/goods/000/000/4273/0000004273.jpg@200w_200h_90Q',2.50,0,'85g',0,'双汇Q趣儿玉米风味香肠85g',200,'双汇Q趣儿玉米风味香肠85g',5),(624,'三全灌汤水饺猪肉芹菜450g','http://img01.bqstatic.com/upload/goods/000/000/7689/0000007689.jpg@200w_200h_90Q',8.90,0,'450g',0,'三全灌汤水饺猪肉芹菜450g',200,'三全灌汤水饺猪肉芹菜450g',5),(625,'康师傅红烧排骨面1.0袋','http://img01.bqstatic.com/upload/goods/000/001/4869/0000014869_55130.jpg@200w_200h_90Q',3.00,0,'1袋',0,'康师傅红烧排骨面1.0袋',200,'康师傅红烧排骨面1.0袋',5),(626,'银鹭桂圆八宝粥360g','http://img01.bqstatic.com/upload/goods/000/000/2435/0000002435_98880.jpg@200w_200h_90Q',4.50,0,'360g',0,'银鹭桂圆八宝粥360g',200,'银鹭桂圆八宝粥360g',5),(627,'雀巢香滑咖啡180ml','http://img01.bqstatic.com/upload/goods/000/000/2200/0000002200.jpg@200w_200h_90Q',5.00,0,'180ml',0,'雀巢香滑咖啡180ml',200,'雀巢香滑咖啡180ml',5),(628,'康师傅西红柿鸡蛋打卤面桶装112g','http://img01.bqstatic.com/upload/goods/201/603/2209/20160322095553_579548.jpg@200w_200h_90Q',4.50,0,'112g',0,'康师傅西红柿鸡蛋打卤面桶装112g',200,'康师傅西红柿鸡蛋打卤面桶装112g',5),(629,'康师傅香辣牛肉干拌面135g','http://img01.bqstatic.com/upload/goods/201/607/1518/20160715181132_555137.jpg@200w_200h_90Q',6.00,0,'135g',0,'康师傅香辣牛肉干拌面135g',200,'康师傅香辣牛肉干拌面135g',5),(630,'三全灌汤水饺猪肉韭菜450.0g','http://img01.bqstatic.com/upload/goods/000/000/7701/0000007701.jpg@200w_200h_90Q',8.50,0,'450g',0,'三全灌汤水饺猪肉韭菜450.0g',200,'三全灌汤水饺猪肉韭菜450.0g',5),(631,'今麦郎上品酸豆角排骨面桶装160.0g','http://img01.bqstatic.com/upload/goods/000/000/3239/0000003239.jpg@200w_200h_90Q',5.00,0,'160g',0,'今麦郎上品酸豆角排骨面桶装160.0g',200,'今麦郎上品酸豆角排骨面桶装160.0g',5),(632,'双汇王中王400g','http://img01.bqstatic.com/upload/goods/000/000/9157/0000009157.jpg@200w_200h_90Q',15.00,0,'400g',0,'双汇王中王400g',200,'双汇王中王400g',5),(633,'农心兵卒比萨味一口脆70g','http://img01.bqstatic.com/upload/goods/000/000/2504/0000002504_43900.jpg@200w_200h_90Q',4.00,0,'70g',0,'农心兵卒比萨味一口脆70g',200,'农心兵卒比萨味一口脆70g',5),(634,'康师傅西红柿鸡蛋打卤面104g','http://img01.bqstatic.com/upload/goods/000/000/9088/0000009088.jpg@200w_200h_90Q',3.00,0,'104g',0,'康师傅西红柿鸡蛋打卤面104g',200,'康师傅西红柿鸡蛋打卤面104g',5),(635,'湾仔码头玉米蔬菜猪肉水饺720g','http://img01.bqstatic.com/upload/goods/000/000/4020/0000004020.jpg@200w_200h_90Q',29.00,0,'720g',0,'湾仔码头玉米蔬菜猪肉水饺720g',200,'湾仔码头玉米蔬菜猪肉水饺720g',5),(636,'欢乐家黄桃罐头256g','http://img01.bqstatic.com/upload/goods/201/603/2514/20160325143926_854904.jpg@200w_200h_90Q',6.00,0,'256g',0,'欢乐家黄桃罐头256g',200,'欢乐家黄桃罐头256g',5),(637,'康师傅小鸡炖蘑菇面桶装100g','http://img01.bqstatic.com/upload/goods/000/000/3242/0000003242.jpg@200w_200h_90Q',4.50,0,'100g',0,'康师傅小鸡炖蘑菇面桶装100g',200,'康师傅小鸡炖蘑菇面桶装100g',5),(638,'三全灌汤水饺韭菜鸡蛋450g','http://img01.bqstatic.com/upload/goods/000/000/7694/0000007694.jpg@200w_200h_90Q',8.90,0,'450g',0,'三全灌汤水饺韭菜鸡蛋450g',200,'三全灌汤水饺韭菜鸡蛋450g',5),(639,'三全灌汤水饺猪肉荠菜450g','http://img01.bqstatic.com/upload/goods/000/000/7704/0000007704.jpg@200w_200h_90Q',8.00,0,'450g',0,'三全灌汤水饺猪肉荠菜450g',200,'三全灌汤水饺猪肉荠菜450g',5),(640,'湾仔码头白菜猪肉水饺720.0g','http://img01.bqstatic.com/upload/goods/000/000/4018/0000004018.jpg@200w_200h_90Q',29.00,0,'720g',0,'湾仔码头白菜猪肉水饺720.0g',200,'湾仔码头白菜猪肉水饺720.0g',5),(641,'香飘飘奶茶草莓味80.0g','http://img01.bqstatic.com/upload/goods/000/000/3249/0000003249.jpg@200w_200h_90Q',4.00,0,'80g',0,'香飘飘奶茶草莓味80.0g',200,'香飘飘奶茶草莓味80.0g',5),(642,'康师傅香菇炖鸡面桶装100g','http://img01.bqstatic.com/upload/goods/201/603/2210/20160322100023_938443.jpg@200w_200h_90Q',4.50,0,'100g',0,'康师傅香菇炖鸡面桶装100g',200,'康师傅香菇炖鸡面桶装100g',5),(643,'统一汤达人海鲜拉面杯装72.0g','http://img01.bqstatic.com/upload/goods/000/000/4355/0000004355.jpg@200w_200h_90Q',6.50,0,'72g',0,'统一汤达人海鲜拉面杯装72.0g',200,'统一汤达人海鲜拉面杯装72.0g',5),(644,'康师傅香菇炖鸡面袋装95g','http://img01.bqstatic.com/upload/goods/000/000/6662/0000006662.jpg@200w_200h_90Q',3.00,0,'95g',0,'康师傅香菇炖鸡面袋装95g',200,'康师傅香菇炖鸡面袋装95g',5),(645,'香飘飘奶茶巧克力味80.0g','http://img01.bqstatic.com/upload/goods/000/000/3250/0000003250.jpg@200w_200h_90Q',4.00,0,'80g',0,'香飘飘奶茶巧克力味80.0g',200,'香飘飘奶茶巧克力味80.0g',5),(646,'古龙茄汁沙丁鱼罐头425g','http://img01.bqstatic.com/upload/goods/000/000/3469/0000003469.jpg@200w_200h_90Q',10.00,0,'425g',0,'古龙茄汁沙丁鱼罐头425g',200,'古龙茄汁沙丁鱼罐头425g',5),(647,'康师傅西红柿鸡蛋打卤面108.0g','http://img01.bqstatic.com/upload/goods/201/603/2209/20160322095515_287181.jpg@200w_200h_90Q',4.50,0,'108g',0,'康师傅西红柿鸡蛋打卤面108.0g',200,'康师傅西红柿鸡蛋打卤面108.0g',5),(648,'统一汤达人罗宋汤拉面碗装130g','http://img01.bqstatic.com/upload/goods/201/601/1517/20160115172119_632658.jpg@200w_200h_90Q',8.00,0,'130g',0,'统一汤达人罗宋汤拉面碗装130g',200,'统一汤达人罗宋汤拉面碗装130g',5),(649,'今麦郎上品香辣牛肉面1桶','http://img01.bqstatic.com/upload/goods/000/006/3115/0000063115_20660.jpg@200w_200h_90Q',5.00,0,'1桶',0,'今麦郎上品香辣牛肉面1桶',200,'今麦郎上品香辣牛肉面1桶',5),(650,'湾仔码头韭菜猪肉水饺720.0g','http://img01.bqstatic.com/upload/goods/201/601/1918/20160119182522_073569.jpg@200w_200h_90Q',36.00,0,'720g',0,'湾仔码头韭菜猪肉水饺720.0g',200,'湾仔码头韭菜猪肉水饺720.0g',5),(651,'三全灌汤水饺猪肉白菜500.0g','http://img01.bqstatic.com/upload/goods/000/000/7708/0000007708.jpg@200w_200h_90Q',8.00,0,'500g',0,'三全灌汤水饺猪肉白菜500.0g',200,'三全灌汤水饺猪肉白菜500.0g',5),(652,'统一汤达人罗宋汤味杯装85.0g','http://img01.bqstatic.com/upload/goods/000/000/8321/0000008321.jpg@200w_200h_90Q',6.00,0,'85g',0,'统一汤达人罗宋汤味杯装85.0g',200,'统一汤达人罗宋汤味杯装85.0g',5),(653,'统一汤达人海鲜拉面碗装110.0g','http://img01.bqstatic.com/upload/goods/000/000/8340/0000008340.jpg@200w_200h_90Q',8.00,0,'110g',0,'统一汤达人海鲜拉面碗装110.0g',200,'统一汤达人海鲜拉面碗装110.0g',5),(654,'湾仔码头荠菜猪肉水饺720.0g','http://img01.bqstatic.com/upload/goods/000/000/4022/0000004022.jpg@200w_200h_90Q',28.00,0,'720g',0,'湾仔码头荠菜猪肉水饺720.0g',200,'湾仔码头荠菜猪肉水饺720.0g',5),(655,'湾仔码头芹菜猪肉水饺720g','http://img01.bqstatic.com/upload/goods/000/000/4019/0000004019_30990.jpg@200w_200h_90Q',29.00,0,'720g',0,'湾仔码头芹菜猪肉水饺720g',200,'湾仔码头芹菜猪肉水饺720g',5),(656,'双汇王中王210.0g','http://img01.bqstatic.com/upload/goods/000/000/6019/0000006019.jpg@200w_200h_90Q',6.50,0,'210g',0,'双汇王中王210.0g',200,'双汇王中王210.0g',5),(657,'三全灌汤水饺三鲜500.0g','http://img01.bqstatic.com/upload/goods/000/000/7714/0000007714.jpg@200w_200h_90Q',8.00,0,'500g',0,'三全灌汤水饺三鲜500.0g',200,'三全灌汤水饺三鲜500.0g',5),(658,'康师傅西红柿鸡蛋打卤面109g','http://img01.bqstatic.com/upload/goods/201/603/2209/20160322095527_548114.jpg@200w_200h_90Q',4.50,0,'109g',0,'康师傅西红柿鸡蛋打卤面109g',200,'康师傅西红柿鸡蛋打卤面109g',5),(659,'娃哈哈桂圆莲子八宝粥箱360.0g*12罐','http://img01.bqstatic.com/upload/goods/000/001/0400/0000010400.jpg@200w_200h_90Q',54.00,0,'360g*12罐',0,'娃哈哈桂圆莲子八宝粥箱360.0g*12罐',200,'娃哈哈桂圆莲子八宝粥箱360.0g*12罐',5),(660,'三全凌宁波汤圆黑糯米黑芝麻400.0g','http://img01.bqstatic.com/upload/goods/000/000/7702/0000007702.jpg@200w_200h_90Q',9.00,0,'400g',0,'三全凌宁波汤圆黑糯米黑芝麻400.0g',200,'三全凌宁波汤圆黑糯米黑芝麻400.0g',5),(661,'香飘飘奶茶咖啡味80g','http://img01.bqstatic.com/upload/goods/000/000/3247/0000003247_42060.jpg@200w_200h_90Q',4.00,0,'80g',0,'香飘飘奶茶咖啡味80g',200,'香飘飘奶茶咖啡味80g',5),(662,'欢乐家雪梨罐头700.0g','http://img01.bqstatic.com/upload/goods/000/000/8140/0000008140.jpg@200w_200h_90Q',15.00,0,'700g',0,'欢乐家雪梨罐头700.0g',200,'欢乐家雪梨罐头700.0g',5),(663,'康师傅干拌面酸菜牛肉100.0g','http://img01.bqstatic.com/upload/goods/000/000/4909/0000004909.jpg@200w_200h_90Q',6.00,0,'100g',0,'康师傅干拌面酸菜牛肉100.0g',200,'康师傅干拌面酸菜牛肉100.0g',5),(664,'康师傅珍品香茹炖鸡面袋装96g','http://img01.bqstatic.com/upload/goods/000/000/4921/0000004921_20810.jpg@200w_200h_90Q',3.00,0,'96g',0,'康师傅珍品香茹炖鸡面袋装96g',200,'康师傅珍品香茹炖鸡面袋装96g',5),(665,'统一来一桶老坛酸菜原味牛肉桶面120g','http://img01.bqstatic.com/upload/goods/000/001/4321/0000014321_22010.jpg@200w_200h_90Q',4.50,0,'120g',0,'统一来一桶老坛酸菜原味牛肉桶面120g',200,'统一来一桶老坛酸菜原味牛肉桶面120g',5),(666,'白家阿宽四川铺盖面番茄酸汤味105g','http://img01.bqstatic.com/upload/goods/000/009/8606/0000098606_68910.jpg@200w_200h_90Q',6.50,0,'105g',0,'白家阿宽四川铺盖面番茄酸汤味105g',200,'白家阿宽四川铺盖面番茄酸汤味105g',5),(667,'欢乐家山楂罐头700.0g','http://img01.bqstatic.com/upload/goods/000/000/8137/0000008137.jpg@200w_200h_90Q',15.00,0,'700g',0,'欢乐家山楂罐头700.0g',200,'欢乐家山楂罐头700.0g',5),(668,'康师傅珍品香辣牛肉面袋装100g','http://img01.bqstatic.com/upload/goods/000/000/4922/0000004922.jpg@200w_200h_90Q',3.00,0,'100g',0,'康师傅珍品香辣牛肉面袋装100g',200,'康师傅珍品香辣牛肉面袋装100g',5),(669,'康师傅珍品鲜虾袋装102g','http://img01.bqstatic.com/upload/goods/000/000/4923/0000004923_45730.jpg@200w_200h_90Q',3.00,0,'102g',0,'康师傅珍品鲜虾袋装102g',200,'康师傅珍品鲜虾袋装102g',5),(670,'四川铺盖面牛肉火锅味110g/桶','http://img01.bqstatic.com/upload/goods/000/001/2094/0000012094_01780.jpg@200w_200h_90Q',6.50,0,'110g/桶',0,'四川铺盖面牛肉火锅味110g/桶',200,'四川铺盖面牛肉火锅味110g/桶',5),(671,'欢乐家什锦水果罐头700.0g','http://img01.bqstatic.com/upload/goods/000/000/6088/0000006088.jpg@200w_200h_90Q',15.00,0,'700g',0,'欢乐家什锦水果罐头700.0g',200,'欢乐家什锦水果罐头700.0g',5),(672,'康师傅红烧牛肉面箱100.0g*24袋','http://img01.bqstatic.com/upload/goods/000/000/9330/0000009330.jpg@200w_200h_90Q',60.00,0,'100g*24袋',0,'康师傅红烧牛肉面箱100.0g*24袋',200,'康师傅红烧牛肉面箱100.0g*24袋',5),(673,'思念黑芝麻汤圆宁波风味400g','http://img01.bqstatic.com/upload/goods/201/603/0118/20160301181046_822629.jpg@200w_200h_90Q',10.00,0,'400g',0,'思念黑芝麻汤圆宁波风味400g',200,'思念黑芝麻汤圆宁波风味400g',5),(674,'欢乐家冰糖雪梨罐头256g','http://img01.bqstatic.com/upload/goods/201/603/2514/20160325143411_518799.jpg@200w_200h_90Q',6.00,0,'256g',0,'欢乐家冰糖雪梨罐头256g',200,'欢乐家冰糖雪梨罐头256g',5),(675,'维维维他型豆奶粉460g','http://img01.bqstatic.com/upload/goods/201/607/1518/20160715181010_312189.jpg@200w_200h_90Q',15.00,0,'460g',0,'维维维他型豆奶粉460g',200,'维维维他型豆奶粉460g',5),(676,'康师傅葱烧排骨桶面桶装105.0g','http://img01.bqstatic.com/upload/goods/000/000/4904/0000004904.jpg@200w_200h_90Q',4.50,0,'105g',0,'康师傅葱烧排骨桶面桶装105.0g',200,'康师傅葱烧排骨桶面桶装105.0g',5),(677,'康师傅香辣牛肉面箱106.0g*24袋','http://img01.bqstatic.com/upload/goods/000/000/9321/0000009321.jpg@200w_200h_90Q',60.00,0,'106g*24袋',0,'康师傅香辣牛肉面箱106.0g*24袋',200,'康师傅香辣牛肉面箱106.0g*24袋',5),(678,'统一小浣熊摇摇乐意大利红烩味50.0g','http://img01.bqstatic.com/upload/goods/000/000/8315/0000008315.jpg@200w_200h_90Q',1.30,0,'1袋',0,'统一小浣熊摇摇乐意大利红烩味50.0g',200,'统一小浣熊摇摇乐意大利红烩味50.0g',5),(679,'湾仔码头木耳白菜猪肉水饺720.0g','http://img01.bqstatic.com/upload/goods/000/000/4026/0000004026.jpg@200w_200h_90Q',28.00,0,'720g',0,'湾仔码头木耳白菜猪肉水饺720.0g',200,'湾仔码头木耳白菜猪肉水饺720.0g',5),(680,'广乐下饭菜160g','http://img01.bqstatic.com/upload/goods/201/611/2811/20161128113424_052957.jpg@200w_200h_90Q',4.00,0,'160g',0,'广乐下饭菜160g',200,'广乐下饭菜160g',5),(681,'康师傅海鲜干拌面碗装100.0g','http://img01.bqstatic.com/upload/goods/000/000/4899/0000004899.jpg@200w_200h_90Q',6.00,0,'100g',0,'康师傅海鲜干拌面碗装100.0g',200,'康师傅海鲜干拌面碗装100.0g',5),(682,'康师傅老坛酸菜牛肉面箱132.0g*24袋','http://img01.bqstatic.com/upload/goods/000/000/9327/0000009327.jpg@200w_200h_90Q',60.00,0,'132g*24袋',0,'康师傅老坛酸菜牛肉面箱132.0g*24袋',200,'康师傅老坛酸菜牛肉面箱132.0g*24袋',5),(683,'湾仔码头木耳韭菜猪肉水饺720.0g','http://img01.bqstatic.com/upload/goods/000/000/4024/0000004024.jpg@200w_200h_90Q',28.00,0,'720g',7,'湾仔码头木耳韭菜猪肉水饺720.0g',200,'湾仔码头木耳韭菜猪肉水饺720.0g',5),(684,'广乐红油虹豆160g','http://img01.bqstatic.com/upload/goods/201/611/2811/20161128114514_293370.jpg@200w_200h_90Q',4.00,0,'160g',2,'广乐红油虹豆160g',200,'广乐红油虹豆160g',5),(685,'陶华碧风味豆豉老干妈280g','http://img01.bqstatic.com/upload/goods/000/000/3699/0000003699_19450.jpg@200w_200h_90Q',10.00,0,'280g',0,'陶华碧风味豆豉老干妈280g',200,'陶华碧风味豆豉老干妈280g',6),(686,'老干妈风味鸡油辣椒280g','http://img01.bqstatic.com/upload/goods/000/000/4534/0000004534.jpg@200w_200h_90Q',10.00,0,'280g',0,'老干妈风味鸡油辣椒280g',200,'老干妈风味鸡油辣椒280g',6),(687,'王致和大块腐乳340g','http://img01.bqstatic.com/upload/goods/000/000/4692/0000004692_06390.jpg@200w_200h_90Q',7.00,0,'340g',0,'王致和大块腐乳340g',200,'王致和大块腐乳340g',6),(688,'龙门米醋480ml','http://img01.bqstatic.com/upload/goods/000/000/3795/0000003795.jpg@200w_200h_90Q',6.00,0,'480ml',0,'龙门米醋480ml',200,'龙门米醋480ml',6),(689,'海天鲜味生抽500ml','http://img01.bqstatic.com/upload/goods/000/000/3463/0000003463_35860.jpg@200w_200h_90Q',7.80,0,'500ml',0,'海天鲜味生抽500ml',200,'海天鲜味生抽500ml',6),(690,'六必居芝麻酱300g','http://img01.bqstatic.com/upload/goods/000/000/3491/0000003491.jpg@200w_200h_90Q',9.00,0,'300g',0,'六必居芝麻酱300g',200,'六必居芝麻酱300g',6),(691,'六月香豆瓣酱300g','http://img01.bqstatic.com/upload/goods/000/000/3559/0000003559.jpg@200w_200h_90Q',6.50,0,'300g',0,'六月香豆瓣酱300g',200,'六月香豆瓣酱300g',6),(692,'海天上等蚝油700g','http://img01.bqstatic.com/upload/goods/000/000/4463/0000004463.jpg@200w_200h_90Q',8.00,0,'700g',0,'海天上等蚝油700g',200,'海天上等蚝油700g',6),(693,'金龙鱼大豆油精炼一级900.0ml','http://img01.bqstatic.com/upload/goods/000/000/6939/0000006939.jpg@200w_200h_90Q',15.00,0,'900ml',0,'金龙鱼大豆油精炼一级900.0ml',200,'金龙鱼大豆油精炼一级900.0ml',6),(694,'海底捞清油火锅底料220g','http://img01.bqstatic.com/upload/goods/000/000/3504/0000003504.jpg@200w_200h_90Q',12.00,0,'220g',0,'海底捞清油火锅底料220g',200,'海底捞清油火锅底料220g',6),(695,'王致和特制料酒500.0ml','http://img01.bqstatic.com/upload/goods/000/000/3549/0000003549.jpg@200w_200h_90Q',5.00,0,'500ml',0,'王致和特制料酒500.0ml',200,'王致和特制料酒500.0ml',6),(696,'六必居干黄酱250g','http://img01.bqstatic.com/upload/goods/201/607/2211/20160722110543_485958.jpg@200w_200h_90Q',5.00,0,'250g',0,'六必居干黄酱250g',200,'六必居干黄酱250g',6),(697,'丘比沙拉酱香甜味200.0g','http://img01.bqstatic.com/upload/goods/000/000/3562/0000003562.jpg@200w_200h_90Q',9.50,0,'200g',0,'丘比沙拉酱香甜味200.0g',200,'丘比沙拉酱香甜味200.0g',6),(698,'王致和大块腐乳300.0g','http://img01.bqstatic.com/upload/goods/000/000/3489/0000003489.jpg@200w_200h_90Q',6.50,0,'300g',0,'王致和大块腐乳300.0g',200,'王致和大块腐乳300.0g',6),(699,'六必居甜面酱150g','http://img01.bqstatic.com/upload/goods/201/607/2210/20160722104746_435708.jpg@200w_200h_90Q',2.50,0,'150g',0,'六必居甜面酱150g',200,'六必居甜面酱150g',6),(700,'海天老抽王酱油500ml','http://img01.bqstatic.com/upload/goods/000/000/3464/0000003464_25980.jpg@200w_200h_90Q',8.00,0,'500ml',0,'海天老抽王酱油500ml',200,'海天老抽王酱油500ml',6),(701,'海天金标生抽500ml','http://img01.bqstatic.com/upload/goods/000/000/4458/0000004458.jpg@200w_200h_90Q',8.00,0,'500ml',0,'海天金标生抽500ml',200,'海天金标生抽500ml',6),(702,'老干妈肉丝豆豉油辣椒280.0g','http://img01.bqstatic.com/upload/goods/000/000/4539/0000004539.jpg@200w_200h_90Q',9.00,0,'280g',0,'老干妈肉丝豆豉油辣椒280.0g',200,'老干妈肉丝豆豉油辣椒280.0g',6),(703,'海天蒸鱼豉油450ml','http://img01.bqstatic.com/upload/goods/000/001/3447/0000013447_46960.jpg@200w_200h_90Q',10.00,0,'450ml',0,'海天蒸鱼豉油450ml',200,'海天蒸鱼豉油450ml',6),(704,'安琪高活性酵母13g','http://img01.bqstatic.com/upload/goods/201/612/1215/20161212152331_362633.jpg@200w_200h_90Q',1.20,0,'13g',0,'安琪高活性酵母13g',200,'安琪高活性酵母13g',6),(705,'金龙鱼大豆油精炼一级5.0L','http://img01.bqstatic.com/upload/goods/000/000/6935/0000006935.jpg@200w_200h_90Q',60.00,0,'5L',0,'金龙鱼大豆油精炼一级5.0L',200,'金龙鱼大豆油精炼一级5.0L',6),(706,'海底捞上汤三鲜火锅底料200g','http://img01.bqstatic.com/upload/goods/000/000/3495/0000003495.jpg@200w_200h_90Q',12.00,0,'200g',0,'海底捞上汤三鲜火锅底料200g',200,'海底捞上汤三鲜火锅底料200g',6),(707,'海天上等蚝油260.0g','http://img01.bqstatic.com/upload/goods/000/001/0970/0000010970_58060.jpg@200w_200h_90Q',5.00,0,'260g',0,'海天上等蚝油260.0g',200,'海天上等蚝油260.0g',6),(708,'王致和韭花酱320.0g','http://img01.bqstatic.com/upload/goods/000/000/3487/0000003487_51930.jpg@200w_200h_90Q',6.50,0,'320g',0,'王致和韭花酱320.0g',200,'王致和韭花酱320.0g',6),(709,'老干妈香辣脆油辣椒210g','http://img01.bqstatic.com/upload/goods/201/604/2209/20160422095937_334212.jpg@200w_200h_90Q',8.00,0,'210g',0,'老干妈香辣脆油辣椒210g',200,'老干妈香辣脆油辣椒210g',6),(710,'海天黄豆酱230.0g','http://img01.bqstatic.com/upload/goods/000/000/3493/0000003493.jpg@200w_200h_90Q',6.00,0,'230g',0,'海天黄豆酱230.0g',200,'海天黄豆酱230.0g',6),(711,'金龙鱼花生浓香食用调和油1.8L','http://img01.bqstatic.com/upload/goods/000/000/6928/0000006928.jpg@200w_200h_90Q',30.00,0,'1.8L',0,'金龙鱼花生浓香食用调和油1.8L',200,'金龙鱼花生浓香食用调和油1.8L',6),(712,'金龙鱼黄金比例调和油5.0L','http://img01.bqstatic.com/upload/goods/000/000/6908/0000006908.jpg@200w_200h_90Q',65.00,0,'5L',0,'金龙鱼黄金比例调和油5.0L',200,'金龙鱼黄金比例调和油5.0L',6),(713,'海天特级草菇老抽500.0ml','http://img01.bqstatic.com/upload/goods/000/000/4462/0000004462.jpg@200w_200h_90Q',10.00,0,'500ml',0,'海天特级草菇老抽500.0ml',200,'海天特级草菇老抽500.0ml',6);
/*!40000 ALTER TABLE `df_goods_goodsinfo` ENABLE KEYS */;
UNLOCK TABLES;

--
-- Table structure for table `df_goods_typeinfo`
--

DROP TABLE IF EXISTS `df_goods_typeinfo`;
/*!40101 SET @saved_cs_client     = @@character_set_client */;
/*!40101 SET character_set_client = utf8 */;
CREATE TABLE `df_goods_typeinfo` (
  `id` int(11) NOT NULL AUTO_INCREMENT,
  `type_title` varchar(20) NOT NULL,
  `isDelete` tinyint(1) NOT NULL,
  PRIMARY KEY (`id`)
) ENGINE=InnoDB AUTO_INCREMENT=7 DEFAULT CHARSET=utf8;
/*!40101 SET character_set_client = @saved_cs_client */;

--
-- Dumping data for table `df_goods_typeinfo`
--

LOCK TABLES `df_goods_typeinfo` WRITE;
/*!40000 ALTER TABLE `df_goods_typeinfo` DISABLE KEYS */;
INSERT INTO `df_goods_typeinfo` VALUES (1,'特色水果',0),(2,'营养小餐',0),(3,'好吃零食',0),(4,'啤酒饮料',0),(5,'临时充饥',0),(6,'家用酱品',0);
/*!40000 ALTER TABLE `df_goods_typeinfo` ENABLE KEYS */;
UNLOCK TABLES;

--
-- Table structure for table `df_order_order`
--

DROP TABLE IF EXISTS `df_order_order`;
/*!40101 SET @saved_cs_client     = @@character_set_client */;
/*!40101 SET character_set_client = utf8 */;
CREATE TABLE `df_order_order` (
  `order_id` varchar(20) NOT NULL,
  `order_date` datetime(6) NOT NULL,
  `Ispay` tinyint(1) NOT NULL,
  `order_total` decimal(6,2) NOT NULL,
  `order_address` varchar(150) NOT NULL,
  `order_owner_id` int(11) NOT NULL,
  PRIMARY KEY (`order_id`),
  KEY `df_order_order_order_owner_id_a1e43b30_fk_df_user_userinfo_id` (`order_owner_id`),
  CONSTRAINT `df_order_order_order_owner_id_a1e43b30_fk_df_user_userinfo_id` FOREIGN KEY (`order_owner_id`) REFERENCES `df_user_userinfo` (`id`)
) ENGINE=InnoDB DEFAULT CHARSET=utf8;
/*!40101 SET character_set_client = @saved_cs_client */;

--
-- Dumping data for table `df_order_order`
--

LOCK TABLES `df_order_order` WRITE;
/*!40000 ALTER TABLE `df_order_order` DISABLE KEYS */;
INSERT INTO `df_order_order` VALUES ('201808011817191','2018-08-02 02:20:29.333087',1,433.00,'12311231塞阀东方',1),('201808011819371','2018-08-02 02:42:15.153126',1,126.90,'12311231塞阀东方',1),('201808011821181','2018-08-02 02:42:37.845032',1,17.50,'12311231塞阀东方',1),('201808011826541','2018-08-02 02:43:02.846839',1,105.19,'12311231塞阀东方',1),('201808011827381','2018-08-02 03:04:19.147674',1,27.80,'12311231塞阀东方',1),('201808020733011','2018-08-02 03:06:04.227708',1,12.50,'12311231塞阀东方',1),('201808020736361','2018-08-02 03:06:36.891437',1,27.80,'12311231塞阀东方',1),('201808020738491','2018-08-14 07:27:28.801765',1,29.90,'12311231塞阀东方',1),('201808020739251','2018-08-06 02:55:42.449733',1,113.20,'奥赛复赛发虚邹旭',1),('201808020740491','2018-08-06 02:55:54.132483',1,73.00,'奥赛复赛发虚邹旭',1),('201808020749141','2018-08-06 02:56:02.103628',1,73.00,'奥赛复赛发虚邹旭',1),('201808021139441','2018-08-02 03:41:09.421141',1,134.60,'奥赛复赛发虚邹旭',1),('201808021534451','2018-08-14 07:26:32.640501',1,19.00,'奥赛复赛发虚邹旭',1),('201808141526291','2018-08-14 07:27:21.569095',1,21.90,'奥赛复赛发虚邹旭',1),('201808141527461','2018-08-14 07:27:51.766010',1,27.80,'奥赛复赛发虚邹旭',1),('201808141528181','2018-08-14 07:28:21.837916',1,27.80,'奥赛复赛发虚邹旭',1),('201808141638011','2018-08-14 08:38:03.773894',0,280.40,'奥赛复赛发虚邹旭',1),('201808141640271','2018-08-14 08:40:27.812291',0,29.90,'奥赛复赛发虚邹旭',1),('201808141641091','2018-08-14 08:41:10.199420',0,35.80,'奥赛复赛发虚邹旭',1),('201808141642271','2018-08-14 08:42:27.796947',0,14.50,'奥赛复赛发虚邹旭',1);
/*!40000 ALTER TABLE `df_order_order` ENABLE KEYS */;
UNLOCK TABLES;

--
-- Table structure for table `df_order_order_detail`
--

DROP TABLE IF EXISTS `df_order_order_detail`;
/*!40101 SET @saved_cs_client     = @@character_set_client */;
/*!40101 SET character_set_client = utf8 */;
CREATE TABLE `df_order_order_detail` (
  `id` int(11) NOT NULL AUTO_INCREMENT,
  `order_price` decimal(5,2) NOT NULL,
  `order_count` int(11) NOT NULL,
  `order_detail_id` varchar(20) NOT NULL,
  `order_goods_id` int(11) NOT NULL,
  PRIMARY KEY (`id`),
  KEY `df_order_order_detai_order_detail_id_8f380c69_fk_df_order_` (`order_detail_id`),
  KEY `df_order_order_detai_order_goods_id_1c853c98_fk_df_goods_` (`order_goods_id`),
  CONSTRAINT `df_order_order_detai_order_detail_id_8f380c69_fk_df_order_` FOREIGN KEY (`order_detail_id`) REFERENCES `df_order_order` (`order_id`),
  CONSTRAINT `df_order_order_detai_order_goods_id_1c853c98_fk_df_goods_` FOREIGN KEY (`order_goods_id`) REFERENCES `df_goods_goodsinfo` (`id`)
) ENGINE=InnoDB AUTO_INCREMENT=35 DEFAULT CHARSET=utf8;
/*!40101 SET character_set_client = @saved_cs_client */;

--
-- Dumping data for table `df_order_order_detail`
--

LOCK TABLES `df_order_order_detail` WRITE;
/*!40000 ALTER TABLE `df_order_order_detail` DISABLE KEYS */;
INSERT INTO `df_order_order_detail` VALUES (1,2.00,1,'201808011817191',371),(2,52.00,8,'201808011817191',72),(3,2.50,2,'201808011817191',23),(4,17.80,4,'201808011819371',22),(5,19.90,1,'201808011819371',21),(6,25.80,1,'201808011819371',20),(7,2.50,3,'201808011821181',23),(8,10.90,8,'201808011826541',6),(9,7.99,1,'201808011826541',5),(10,17.80,1,'201808011827381',22),(11,2.50,1,'201808020733011',23),(12,17.80,1,'201808020736361',22),(13,19.90,1,'201808020738491',21),(14,25.80,4,'201808020739251',20),(15,63.00,1,'201808020740491',70),(16,63.00,1,'201808020749141',70),(17,17.80,7,'201808021139441',22),(18,9.00,1,'201808021534451',141),(19,2.00,1,'201808141526291',371),(20,9.90,1,'201808141526291',14),(21,17.80,1,'201808141527461',22),(22,17.80,1,'201808141528181',22),(23,9.90,11,'201808141638011',16),(24,10.90,2,'201808141638011',15),(25,5.90,1,'201808141638011',17),(26,9.90,1,'201808141638011',14),(27,2.50,2,'201808141638011',23),(28,25.80,1,'201808141638011',20),(29,19.80,1,'201808141638011',12),(30,19.90,1,'201808141638011',21),(31,17.80,3,'201808141638011',22),(32,19.90,1,'201808141640271',21),(33,25.80,1,'201808141641091',20),(34,4.50,1,'201808141642271',71);
/*!40000 ALTER TABLE `df_order_order_detail` ENABLE KEYS */;
UNLOCK TABLES;

--
-- Table structure for table `df_user_userinfo`
--

DROP TABLE IF EXISTS `df_user_userinfo`;
/*!40101 SET @saved_cs_client     = @@character_set_client */;
/*!40101 SET character_set_client = utf8 */;
CREATE TABLE `df_user_userinfo` (
  `id` int(11) NOT NULL AUTO_INCREMENT,
  `uname` varchar(20) NOT NULL,
  `upwd` varchar(40) NOT NULL,
  `uemail` varchar(30) NOT NULL,
  `urecive` varchar(20) NOT NULL,
  `uaddress` varchar(100) NOT NULL,
  `upost` varchar(6) NOT NULL,
  `uphone` varchar(11) NOT NULL,
  PRIMARY KEY (`id`)
) ENGINE=InnoDB AUTO_INCREMENT=25 DEFAULT CHARSET=utf8;
/*!40101 SET character_set_client = @saved_cs_client */;

--
-- Dumping data for table `df_user_userinfo`
--

LOCK TABLES `df_user_userinfo` WRITE;
/*!40000 ALTER TABLE `df_user_userinfo` DISABLE KEYS */;
INSERT INTO `df_user_userinfo` VALUES (1,'12345','88ea39439e74fa27c09a4fc0bc8ebe6d00978392','123@qq.com','林某人','奥赛复赛发虚邹旭','123123','13030323456'),(9,'123456','a642a77abd7d4f51bf9226ceaf891fcbb5b299b8','123@qq.com','','','',''),(10,'111111','a642a77abd7d4f51bf9226ceaf891fcbb5b299b8','111@111.com','','','',''),(11,'123321','88ea39439e74fa27c09a4fc0bc8ebe6d00978392','123@123.com','','','',''),(12,'123123123','88ea39439e74fa27c09a4fc0bc8ebe6d00978392','123123@123.com','','','',''),(13,'432432432','88ea39439e74fa27c09a4fc0bc8ebe6d00978392','123@123.com','','','',''),(14,'123321123','88ea39439e74fa27c09a4fc0bc8ebe6d00978392','123@123.com','','','',''),(15,'1232313','88ea39439e74fa27c09a4fc0bc8ebe6d00978392','123@123.com','','','',''),(16,'432234','88ea39439e74fa27c09a4fc0bc8ebe6d00978392','123@123.com','','','',''),(17,'1232123','88ea39439e74fa27c09a4fc0bc8ebe6d00978392','123@123.com','','','',''),(18,'123123123123','88ea39439e74fa27c09a4fc0bc8ebe6d00978392','123123@123.com','','','',''),(19,'12312312312312','88ea39439e74fa27c09a4fc0bc8ebe6d00978392','123123@123.com','','','',''),(20,'12312312','88ea39439e74fa27c09a4fc0bc8ebe6d00978392','123@123.com','','','',''),(21,'123123123231','88ea39439e74fa27c09a4fc0bc8ebe6d00978392','123@123.com','','','',''),(22,'123123','88ea39439e74fa27c09a4fc0bc8ebe6d00978392','123@qou.com','','','',''),(23,'12345qwe','88ea39439e74fa27c09a4fc0bc8ebe6d00978392','123@qou.com','','','',''),(24,'12332123','88ea39439e74fa27c09a4fc0bc8ebe6d00978392','123123@123.com','','','','');
/*!40000 ALTER TABLE `df_user_userinfo` ENABLE KEYS */;
UNLOCK TABLES;

--
-- Table structure for table `django_admin_log`
--

DROP TABLE IF EXISTS `django_admin_log`;
/*!40101 SET @saved_cs_client     = @@character_set_client */;
/*!40101 SET character_set_client = utf8 */;
CREATE TABLE `django_admin_log` (
  `id` int(11) NOT NULL AUTO_INCREMENT,
  `action_time` datetime(6) NOT NULL,
  `object_id` longtext,
  `object_repr` varchar(200) NOT NULL,
  `action_flag` smallint(5) unsigned NOT NULL,
  `change_message` longtext NOT NULL,
  `content_type_id` int(11) DEFAULT NULL,
  `user_id` int(11) NOT NULL,
  PRIMARY KEY (`id`),
  KEY `django_admin_log_content_type_id_c4bce8eb_fk_django_co` (`content_type_id`),
  KEY `django_admin_log_user_id_c564eba6_fk_auth_user_id` (`user_id`),
  CONSTRAINT `django_admin_log_content_type_id_c4bce8eb_fk_django_co` FOREIGN KEY (`content_type_id`) REFERENCES `django_content_type` (`id`),
  CONSTRAINT `django_admin_log_user_id_c564eba6_fk_auth_user_id` FOREIGN KEY (`user_id`) REFERENCES `auth_user` (`id`)
) ENGINE=InnoDB AUTO_INCREMENT=8 DEFAULT CHARSET=utf8;
/*!40101 SET character_set_client = @saved_cs_client */;

--
-- Dumping data for table `django_admin_log`
--

LOCK TABLES `django_admin_log` WRITE;
/*!40000 ALTER TABLE `django_admin_log` DISABLE KEYS */;
INSERT INTO `django_admin_log` VALUES (1,'2018-07-08 09:34:14.886317','1','新鲜水果',1,'[{\"added\": {}}]',9,1),(2,'2018-07-08 09:34:21.632974','2','海鲜水产',1,'[{\"added\": {}}]',9,1),(3,'2018-07-08 09:34:31.023889','3','猪牛羊肉',1,'[{\"added\": {}}]',9,1),(4,'2018-07-08 09:34:49.290593','4','禽类蛋品',1,'[{\"added\": {}}]',9,1),(5,'2018-07-08 09:34:54.987325','5','新鲜蔬菜',1,'[{\"added\": {}}]',9,1),(6,'2018-07-08 09:34:59.825307','6','速冻食品',1,'[{\"added\": {}}]',9,1),(7,'2018-07-08 09:35:00.772169','7','速冻食品',1,'[{\"added\": {}}]',9,1);
/*!40000 ALTER TABLE `django_admin_log` ENABLE KEYS */;
UNLOCK TABLES;

--
-- Table structure for table `django_content_type`
--

DROP TABLE IF EXISTS `django_content_type`;
/*!40101 SET @saved_cs_client     = @@character_set_client */;
/*!40101 SET character_set_client = utf8 */;
CREATE TABLE `django_content_type` (
  `id` int(11) NOT NULL AUTO_INCREMENT,
  `app_label` varchar(100) NOT NULL,
  `model` varchar(100) NOT NULL,
  PRIMARY KEY (`id`),
  UNIQUE KEY `django_content_type_app_label_model_76bd3d3b_uniq` (`app_label`,`model`)
) ENGINE=InnoDB AUTO_INCREMENT=13 DEFAULT CHARSET=utf8;
/*!40101 SET character_set_client = @saved_cs_client */;

--
-- Dumping data for table `django_content_type`
--

LOCK TABLES `django_content_type` WRITE;
/*!40000 ALTER TABLE `django_content_type` DISABLE KEYS */;
INSERT INTO `django_content_type` VALUES (1,'admin','logentry'),(3,'auth','group'),(2,'auth','permission'),(4,'auth','user'),(5,'contenttypes','contenttype'),(10,'df_cart','cartinfo'),(8,'df_goods','goodsinfo'),(9,'df_goods','typeinfo'),(12,'df_order','order'),(11,'df_order','order_detail'),(7,'df_user','userinfo'),(6,'sessions','session');
/*!40000 ALTER TABLE `django_content_type` ENABLE KEYS */;
UNLOCK TABLES;

--
-- Table structure for table `django_migrations`
--

DROP TABLE IF EXISTS `django_migrations`;
/*!40101 SET @saved_cs_client     = @@character_set_client */;
/*!40101 SET character_set_client = utf8 */;
CREATE TABLE `django_migrations` (
  `id` int(11) NOT NULL AUTO_INCREMENT,
  `app` varchar(255) NOT NULL,
  `name` varchar(255) NOT NULL,
  `applied` datetime(6) NOT NULL,
  PRIMARY KEY (`id`)
) ENGINE=InnoDB AUTO_INCREMENT=21 DEFAULT CHARSET=utf8;
/*!40101 SET character_set_client = @saved_cs_client */;

--
-- Dumping data for table `django_migrations`
--

LOCK TABLES `django_migrations` WRITE;
/*!40000 ALTER TABLE `django_migrations` DISABLE KEYS */;
INSERT INTO `django_migrations` VALUES (1,'contenttypes','0001_initial','2018-07-07 03:07:59.284450'),(2,'auth','0001_initial','2018-07-07 03:08:09.223284'),(3,'admin','0001_initial','2018-07-07 03:08:14.659209'),(4,'admin','0002_logentry_remove_auto_add','2018-07-07 03:08:14.946381'),(5,'contenttypes','0002_remove_content_type_name','2018-07-07 03:08:18.969364'),(6,'auth','0002_alter_permission_name_max_length','2018-07-07 03:08:20.217640'),(7,'auth','0003_alter_user_email_max_length','2018-07-07 03:08:21.124433'),(8,'auth','0004_alter_user_username_opts','2018-07-07 03:08:21.158456'),(9,'auth','0005_alter_user_last_login_null','2018-07-07 03:08:21.716342'),(10,'auth','0006_require_contenttypes_0002','2018-07-07 03:08:21.749389'),(11,'auth','0007_alter_validators_add_error_messages','2018-07-07 03:08:21.776907'),(12,'auth','0008_alter_user_username_max_length','2018-07-07 03:08:22.442797'),(13,'df_user','0001_initial','2018-07-07 03:08:22.834048'),(14,'sessions','0001_initial','2018-07-07 03:08:23.351579'),(15,'df_goods','0001_initial','2018-07-08 08:28:40.516870'),(16,'df_user','0002_auto_20180708_1628','2018-07-08 08:28:41.234590'),(17,'df_goods','0002_auto_20180708_1925','2018-07-08 11:25:15.211472'),(18,'df_cart','0001_initial','2018-07-30 08:11:15.856202'),(19,'df_cart','0002_auto_20180730_1740','2018-07-30 09:40:37.996410'),(20,'df_order','0001_initial','2018-07-31 08:52:01.685543');
/*!40000 ALTER TABLE `django_migrations` ENABLE KEYS */;
UNLOCK TABLES;

--
-- Table structure for table `django_session`
--

DROP TABLE IF EXISTS `django_session`;
/*!40101 SET @saved_cs_client     = @@character_set_client */;
/*!40101 SET character_set_client = utf8 */;
CREATE TABLE `django_session` (
  `session_key` varchar(40) NOT NULL,
  `session_data` longtext NOT NULL,
  `expire_date` datetime(6) NOT NULL,
  PRIMARY KEY (`session_key`),
  KEY `django_session_expire_date_a5c62663` (`expire_date`)
) ENGINE=InnoDB DEFAULT CHARSET=utf8;
/*!40101 SET character_set_client = @saved_cs_client */;

--
-- Dumping data for table `django_session`
--

LOCK TABLES `django_session` WRITE;
/*!40000 ALTER TABLE `django_session` DISABLE KEYS */;
INSERT INTO `django_session` VALUES ('gnzn9ccsjlzx9ptrpgyixri3bbe6cynr','NThiNDUzMmE1Zjk3NDE0MzUxZDcwMGVhYzEzYWZhOTcyOGQ3NTZkNDp7InVzZXJpZCI6MSwidW5hbWUiOiIxMjM0NSIsIl9hdXRoX3VzZXJfaWQiOiIxIiwiX2F1dGhfdXNlcl9iYWNrZW5kIjoiZGphbmdvLmNvbnRyaWIuYXV0aC5iYWNrZW5kcy5Nb2RlbEJhY2tlbmQiLCJfYXV0aF91c2VyX2hhc2giOiJjYzBiMzUzYjA2ZGZmNWJhNDk4YTM2NTc3YjViOTI1NThiYmU2YzIxIn0=','2018-07-24 03:11:26.230001'),('onydgmtvfi0whap5loj8nlcqplpnjtnn','MDM5MWFiZjg1YjQ4MzdmNWI0Mjg2MGJlZmYwNzM0ZGYzOTM0NWNmNzp7InVzZXJpZCI6MSwidW5hbWUiOiIxMjM0NSJ9','2018-08-28 08:27:31.331588'),('t190w1mvz7lgswl1y29q9viz5nkw2zfx','ZDM1ZGJiNDU0ODAzMTExZmE1Y2E0NDg4OTQ1MjI3M2I1YTM3NmRmNzp7InVzZXJpZCI6MTEsInVuYW1lIjoiMTIzMzIxIn0=','2018-08-14 01:57:22.124635'),('to0h9udm0hj7rl753ichvtp1nmeud8ne','MDM5MWFiZjg1YjQ4MzdmNWI0Mjg2MGJlZmYwNzM0ZGYzOTM0NWNmNzp7InVzZXJpZCI6MSwidW5hbWUiOiIxMjM0NSJ9','2018-08-20 04:15:11.810482'),('x7bow3j614gv66a95n94zwhdtbfsbef5','NGQ2OGQ5ZTdiMDAzNzdhMTM0N2VlM2RmNTRiZjI1M2I4N2FlZTcyZjp7InVzZXJpZCI6MjQsInVuYW1lIjoiMTIzMzIxMjMifQ==','2018-08-28 09:00:51.607625'),('xm2wks2d9rtl8j36t25xqz66sxfqr1yb','MWNhZTg1OTcxNjE5NWMxNTc1NWRjOTA0M2IxYmEyYWQ0NjRkNDVlZTp7InVzZXJpZCI6MSwidW5hbWUiOiIxMjM0NSIsIl9hdXRoX3VzZXJfaWQiOiIyIiwiX2F1dGhfdXNlcl9iYWNrZW5kIjoiZGphbmdvLmNvbnRyaWIuYXV0aC5iYWNrZW5kcy5Nb2RlbEJhY2tlbmQiLCJfYXV0aF91c2VyX2hhc2giOiJlMDFlNjliMzFiYzg2NTI2ZDhhN2ExZDViZGY4Y2E1N2JhYTIwMjI5In0=','2018-08-20 03:07:56.969800'),('xzfbnw5y8ij9t7vyxh4a4vychft41f5q','MDM5MWFiZjg1YjQ4MzdmNWI0Mjg2MGJlZmYwNzM0ZGYzOTM0NWNmNzp7InVzZXJpZCI6MSwidW5hbWUiOiIxMjM0NSJ9','2018-08-13 13:27:06.450936');
/*!40000 ALTER TABLE `django_session` ENABLE KEYS */;
UNLOCK TABLES;
/*!40103 SET TIME_ZONE=@OLD_TIME_ZONE */;

/*!40101 SET SQL_MODE=@OLD_SQL_MODE */;
/*!40014 SET FOREIGN_KEY_CHECKS=@OLD_FOREIGN_KEY_CHECKS */;
/*!40014 SET UNIQUE_CHECKS=@OLD_UNIQUE_CHECKS */;
/*!40101 SET CHARACTER_SET_CLIENT=@OLD_CHARACTER_SET_CLIENT */;
/*!40101 SET CHARACTER_SET_RESULTS=@OLD_CHARACTER_SET_RESULTS */;
/*!40101 SET COLLATION_CONNECTION=@OLD_COLLATION_CONNECTION */;
/*!40111 SET SQL_NOTES=@OLD_SQL_NOTES */;

-- Dump completed on 2018-08-14 17:03:52
